Workbook

Sheet kpdwfs_results
A1: filename | B1: scenario | C1: type | D1: n | E1: instance | F1: dp_obj | G1: dp_time | H1: gurobi_obj | I1: gurobi_time | J1: obj_match
A2: kpdwfs_sc3_id4_n1000_b1550_sets113_k1072_fully-correlated.txt | B2: 3 | C2: FC | D2: 1000 | E2: 4 | F2: 4588 | G2: 148.0427 | H2: 4588 | I2: 3545.2772 | J2: TRUE
A3: kpdwfs_sc4_id1_n800_b1240_sets38_k848_correlated.txt | B3: 4 | C3: C | D3: 800 | E3: 1 | F3: 3520 | G3: 57.3348 | H3: 3520 | I3: 355.3018 | J3: TRUE
A4: kpdwfs_sc4_id7_n700_b1085_sets39_k752_correlated.txt | B4: 4 | C4: C | D4: 700 | E4: 7 | F4: 3265 | G4: 21.5667 | H4: 3265 | I4: 48.1196 | J4: TRUE
A5: kpdwfs_sc3_id1_n1000_b1550_sets89_k1072_correlated.txt | B5: 3 | C5: C | D5: 1000 | E5: 1 | F5: 4620 | G5: 164.2619 | H5: 4620 | I5: 45.5603 | J5: TRUE
A6: kpdwfs_sc4_id1_n700_b1085_sets36_k752_fully-correlated.txt | B6: 4 | C6: FC | D6: 700 | E6: 1 | F6: 3302 | G6: 24.4143 | H6: 3302 | I6: 16.1076 | J6: TRUE
A7: kpdwfs_sc4_id9_n700_b1085_sets38_k752_correlated.txt | B7: 4 | C7: C | D7: 700 | E7: 9 | F7: 3265 | G7: 22.939 | H7: 3265 | I7: 3.2859 | J7: TRUE
A8: kpdwfs_sc3_id1_n1000_b1550_sets88_k1072_fully-correlated.txt | B8: 3 | C8: FC | D8: 1000 | E8: 1 | F8: 4566 | G8: 159.162 | H8: 4566 | I8: 1.7575 | J8: TRUE
A9: kpdwfs_sc4_id5_n1000_b1550_sets39_k1072_correlated.txt | B9: 4 | C9: C | D9: 1000 | E9: 5 | F9: 4690 | G9: 126.186 | H9: 4690 | I9: 1.4206 | J9: TRUE
A10: kpdwfs_sc4_id4_n500_b775_sets44_k528_fully-correlated.txt | B10: 4 | C10: FC | D10: 500 | E10: 4 | F10: 2245 | G10: 6.9871 | H10: 2245 | I10: 1.122 | J10: TRUE
A11: kpdwfs_sc4_id2_n1000_b1550_sets42_k1072_correlated.txt | B11: 4 | C11: C | D11: 1000 | E11: 2 | F11: 4410 | G11: 133.3204 | H11: 4410 | I11: 0.9672 | J11: TRUE
A12: kpdwfs_sc4_id4_n1000_b1550_sets53_k1072_fully-correlated.txt | B12: 4 | C12: FC | D12: 1000 | E12: 4 | F12: 4570 | G12: 141.6293 | H12: 4570 | I12: 0.8955 | J12: TRUE
A13: kpdwfs_sc3_id8_n700_b1085_sets88_k752_correlated.txt | B13: 3 | C13: C | D13: 700 | E13: 8 | F13: 3139 | G13: 22.4284 | H13: 3139 | I13: 0.8357 | J13: TRUE
... A599: kpdwfs_sc4_id10_n300_b465_sets30_k320_fully-correlated.txt | B599: 4 | C599: FC | D599: 300 | E599: 10 | F599: 1345 | G599: 0.7733 | H599: 1345 | I599: 0.005 | J599: TRUE
A600: kpdwfs_sc4_id1_n1000_b1550_sets40_k1072_correlated.txt | B600: 4 | C600: C | D600: 1000 | E600: 1 | F600: 4640 | G600: 147.611 | J600: FALSE
A601: kpdwfs_sc4_id6_n800_b1240_sets36_k848_correlated.txt | B601: 4 | C601: C | D601: 800 | E601: 6 | F601: 3570 | G601: 62.7664 | J601: FALSE

Sheet Analysis
A1: DP vs Gurobi — Comparison Analysis
A3: 1. OBJECTIVE VALUE CHECK
A4: Total instances compared: | B4: =COUNTA(kpdwfs_results!A2:A601) -> 600
A5: Mismatches found: | B5: {=SUMPRODUCT(--(kpdwfs_results!J2:J601<>TRUE))} -> 2
A6: Verdict: | B6: =IF(B5=0,"✅ All objective values are identical","⚠️ "&B5&" mismatches found") -> ⚠️ 2 mismatches found
A8: 2. OVERALL RUNTIME COMPARISON
A9: Solver | B9: Mean (s) | C9: Median (s) | D9: Std Dev (s) | E9: Min (s) | F9: Max (s) | G9: N
A10: DP | B10: =AVERAGE(kpdwfs_results!G2:G601) -> 27.157746 | C10: =MEDIAN(kpdwfs_results!G2:G601) -> 5.8207 | D10: =STDEV(kpdwfs_results!G2:G601) -> 45.062278 | E10: =MIN(kpdwfs_results!G2:G601) -> 0.3444 | F10: =MAX(kpdwfs_results!G2:G601) -> 179.4152 | G10: =COUNT(kpdwfs_results!G2:G601) -> 600
A11: Gurobi | B11: =AVERAGE(kpdwfs_results!I2:I601) -> 6.7764662 | C11: =MEDIAN(kpdwfs_results!I2:I601) -> 0.04055 | D11: =STDEV(kpdwfs_results!I2:I601) -> 145.69445 | E11: =MIN(kpdwfs_results!I2:I601) -> 0.005 | F11: =MAX(kpdwfs_results!I2:I601) -> 3545.2772 | G11: =COUNT(kpdwfs_results!I2:I601) -> 598
A12: Speedup (DP/Gurobi) | B12: =B10/B11 -> 4.0076561 | C12: =C10/C11 -> 143.54377
A14: 3. RUNTIME BY SCENARIO
A15: Scenario | B15: Count | C15: DP Mean (s) | D15: DP Median (s) | E15: Gurobi Mean (s) | F15: Gurobi Median (s) | G15: Speedup Mean | H15: Speedup Median
A16: scenario 1 | B16: =COUNTIF(kpdwfs_results!$B$2:$B$601,1) -> 150 | C16: =AVERAGEIF(kpdwfs_results!$B$2:$B$601,1,kpdwfs_results!$G$2:$G$601) -> 6.1476113 | D16: {=IFERROR(_xlfn.AGGREGATE(17,6,kpdwfs_results!$G$2:$G$601/(kpdwfs_results!$B$2:$B$601=1),2),"")} -> 5.2171 | E16: =AVERAGEIF(kpdwfs_results!$B$2:$B$601,1,kpdwfs_results!$I$2:$I$601) -> 0.076461333 | F16: {=IFERROR(_xlfn.AGGREGATE(17,6,kpdwfs_results!$I$2:$I$601/(kpdwfs_results!$B$2:$B$601=1),2),"")} -> 0.0746 | G16: =C16/E16 -> 80.401571 | H16: =D16/F16 -> 69.934316
A17: scenario 2 | B17: =COUNTIF(kpdwfs_results!$B$2:$B$601,2) -> 150 | C17: =AVERAGEIF(kpdwfs_results!$B$2:$B$601,2,kpdwfs_results!$G$2:$G$601) -> 3.7086107 | D17: {=IFERROR(_xlfn.AGGREGATE(17,6,kpdwfs_results!$G$2:$G$601/(kpdwfs_results!$B$2:$B$601=2),2),"")} -> 3.65965 | E17: =AVERAGEIF(kpdwfs_results!$B$2:$B$601,2,kpdwfs_results!$I$2:$I$601) -> 0.047152 | F17: {=IFERROR(_xlfn.AGGREGATE(17,6,kpdwfs_results!$I$2:$I$601/(kpdwfs_results!$B$2:$B$601=2),2),"")} -> 0.0437 | G17: =C17/E17 -> 78.652245 | H17: =D17/F17 -> 83.744851
A18: scenario 3 | B18: =COUNTIF(kpdwfs_results!$B$2:$B$601,3) -> 150 | C18: =AVERAGEIF(kpdwfs_results!$B$2:$B$601,3,kpdwfs_results!$G$2:$G$601) -> 52.047583 | D18: {=IFERROR(_xlfn.AGGREGATE(17,6,kpdwfs_results!$G$2:$G$601/(kpdwfs_results!$B$2:$B$601=3),2),"")} -> 23.8719 | E18: =AVERAGEIF(kpdwfs_results!$B$2:$B$601,3,kpdwfs_results!$I$2:$I$601) -> 23.996766 | F18: {=IFERROR(_xlfn.AGGREGATE(17,6,kpdwfs_results!$I$2:$I$601/(kpdwfs_results!$B$2:$B$601=3),2),"")} -> 0.0321 | G18: =C18/E18 -> 2.1689415 | H18: =D18/F18 -> 743.6729
A19: scenario 4 | B19: =COUNTIF(kpdwfs_results!$B$2:$B$601,4) -> 150 | C19: =AVERAGEIF(kpdwfs_results!$B$2:$B$601,4,kpdwfs_results!$G$2:$G$601) -> 46.727179 | D19: {=IFERROR(_xlfn.AGGREGATE(17,6,kpdwfs_results!$G$2:$G$601/(kpdwfs_results!$B$2:$B$601=4),2),"")} -> 22.8555 | E19: =AVERAGEIF(kpdwfs_results!$B$2:$B$601,4,kpdwfs_results!$I$2:$I$601) -> 2.9342561 | F19: {=IFERROR(_xlfn.AGGREGATE(17,6,kpdwfs_results!$I$2:$I$601/(kpdwfs_results!$B$2:$B$601=4),2),"")} -> 0.0266 | G19: =C19/E19 -> 15.924711 | H19: =D19/F19 -> 859.22932
A21: 4. RUNTIME BY CORRELATION TYPE
A22: Correlation Type | B22: Count | C22: DP Mean (s) | D22: DP Median (s) | E22: Gurobi Mean (s) | F22: Gurobi Median (s) | G22: Speedup Mean | H22: Speedup Median
A23: correlated | B23: =COUNTIF(kpdwfs_results!$C$2:$C$601,"C") -> 200 | C23: =AVERAGEIF(kpdwfs_results!$C$2:$C$601,"C",kpdwfs_results!$G$2:$G$601) -> 27.493286 | D23: {=IFERROR(_xlfn.AGGREGATE(17,6,kpdwfs_results!$G$2:$G$601/(kpdwfs_results!$C$2:$C$601="C"),2),"")} -> 5.95915 | E23: =AVERAGEIF(kpdwfs_results!$C$2:$C$601,"C",kpdwfs_results!$I$2:$I$601) -> 2.3609939 | F23: {=IFERROR(_xlfn.AGGREGATE(17,6,kpdwfs_results!$I$2:$I$601/(kpdwfs_results!$C$2:$C$601="C"),2),"")} -> 0.046 | G23: =C23/E23 -> 11.644793 | H23: =D23/F23 -> 129.54674
A24: fully-correlated | B24: =COUNTIF(kpdwfs_results!$C$2:$C$601,"FC") -> 200 | C24: =AVERAGEIF(kpdwfs_results!$C$2:$C$601,"FC",kpdwfs_results!$G$2:$G$601) -> 27.032027 | D24: {=IFERROR(_xlfn.AGGREGATE(17,6,kpdwfs_results!$G$2:$G$601/(kpdwfs_results!$C$2:$C$601="FC"),2),"")} -> 6.0133 | E24: =AVERAGEIF(kpdwfs_results!$C$2:$C$601,"FC",kpdwfs_results!$I$2:$I$601) -> 17.884294 | F24: {=IFERROR(_xlfn.AGGREGATE(17,6,kpdwfs_results!$I$2:$I$601/(kpdwfs_results!$C$2:$C$601="FC"),2),"")} -> 0.0456 | G24: =C24/E24 -> 1.5114953 | H24: =D24/F24 -> 131.87061
A25: not-correlated | B25: =COUNTIF(kpdwfs_results!$C$2:$C$601,"NC") -> 200 | C25: =AVERAGEIF(kpdwfs_results!$C$2:$C$601,"NC",kpdwfs_results!$G$2:$G$601) -> 26.947925 | D25: {=IFERROR(_xlfn.AGGREGATE(17,6,kpdwfs_results!$G$2:$G$601/(kpdwfs_results!$C$2:$C$601="NC"),2),"")} -> 5.6934 | E25: =AVERAGEIF(kpdwfs_results!$C$2:$C$601,"NC",kpdwfs_results!$I$2:$I$601) -> 0.0399555 | F25: {=IFERROR(_xlfn.AGGREGATE(17,6,kpdwfs_results!$I$2:$I$601/(kpdwfs_results!$C$2:$C$601="NC"),2),"")} -> 0.0317 | G25: =C25/E25 -> 674.44845 | H25: =D25/F25 -> 179.60252
A27: 5. RUNTIME BY SCENARIO × CORRELATION TYPE
A29: DP Mean Runtime (s)
B30: correlated | C30: fully-correlated | D30: not-correlated
A31: scenario 1 | B31: =AVERAGEIFS(kpdwfs_results!$G$2:$G$601,kpdwfs_results!$B$2:$B$601,1,kpdwfs_results!$C$2:$C$601,"C") -> 5.926764 | C31: =AVERAGEIFS(kpdwfs_results!$G$2:$G$601,kpdwfs_results!$B$2:$B$601,1,kpdwfs_results!$C$2:$C$601,"FC") -> 6.400408 | D31: =AVERAGEIFS(kpdwfs_results!$G$2:$G$601,kpdwfs_results!$B$2:$B$601,1,kpdwfs_results!$C$2:$C$601,"NC") -> 6.115662
A32: scenario 2 | B32: =AVERAGEIFS(kpdwfs_results!$G$2:$G$601,kpdwfs_results!$B$2:$B$601,2,kpdwfs_results!$C$2:$C$601,"C") -> 3.68902 | C32: =AVERAGEIFS(kpdwfs_results!$G$2:$G$601,kpdwfs_results!$B$2:$B$601,2,kpdwfs_results!$C$2:$C$601,"FC") -> 3.85743 | D32: =AVERAGEIFS(kpdwfs_results!$G$2:$G$601,kpdwfs_results!$B$2:$B$601,2,kpdwfs_results!$C$2:$C$601,"NC") -> 3.579382
A33: scenario 3 | B33: =AVERAGEIFS(kpdwfs_results!$G$2:$G$601,kpdwfs_results!$B$2:$B$601,3,kpdwfs_results!$C$2:$C$601,"C") -> 55.111504 | C33: =AVERAGEIFS(kpdwfs_results!$G$2:$G$601,kpdwfs_results!$B$2:$B$601,3,kpdwfs_results!$C$2:$C$601,"FC") -> 50.49689 | D33: =AVERAGEIFS(kpdwfs_results!$G$2:$G$601,kpdwfs_results!$B$2:$B$601,3,kpdwfs_results!$C$2:$C$601,"NC") -> 50.534354
A34: scenario 4 | B34: =AVERAGEIFS(kpdwfs_results!$G$2:$G$601,kpdwfs_results!$B$2:$B$601,4,kpdwfs_results!$C$2:$C$601,"C") -> 45.245858 | C34: =AVERAGEIFS(kpdwfs_results!$G$2:$G$601,kpdwfs_results!$B$2:$B$601,4,kpdwfs_results!$C$2:$C$601,"FC") -> 47.373378 | D34: =AVERAGEIFS(kpdwfs_results!$G$2:$G$601,kpdwfs_results!$B$2:$B$601,4,kpdwfs_results!$C$2:$C$601,"NC") -> 47.562302
A36: Gurobi Mean Runtime (s)
B37: correlated | C37: fully-correlated | D37: not-correlated
A38: scenario 1 | B38: =AVERAGEIFS(kpdwfs_results!$I$2:$I$601,kpdwfs_results!$B$2:$B$601,1,kpdwfs_results!$C$2:$C$601,"C") -> 0.088546 | C38: =AVERAGEIFS(kpdwfs_results!$I$2:$I$601,kpdwfs_results!$B$2:$B$601,1,kpdwfs_results!$C$2:$C$601,"FC") -> 0.074922 | D38: =AVERAGEIFS(kpdwfs_results!$I$2:$I$601,kpdwfs_results!$B$2:$B$601,1,kpdwfs_results!$C$2:$C$601,"NC") -> 0.065916
A39: scenario 2 | B39: =AVERAGEIFS(kpdwfs_results!$I$2:$I$601,kpdwfs_results!$B$2:$B$601,2,kpdwfs_results!$C$2:$C$601,"C") -> 0.049426 | C39: =AVERAGEIFS(kpdwfs_results!$I$2:$I$601,kpdwfs_results!$B$2:$B$601,2,kpdwfs_results!$C$2:$C$601,"FC") -> 0.044282 | D39: =AVERAGEIFS(kpdwfs_results!$I$2:$I$601,kpdwfs_results!$B$2:$B$601,2,kpdwfs_results!$C$2:$C$601,"NC") -> 0.047748
A40: scenario 3 | B40: =AVERAGEIFS(kpdwfs_results!$I$2:$I$601,kpdwfs_results!$B$2:$B$601,3,kpdwfs_results!$C$2:$C$601,"C") -> 0.97337 | C40: =AVERAGEIFS(kpdwfs_results!$I$2:$I$601,kpdwfs_results!$B$2:$B$601,3,kpdwfs_results!$C$2:$C$601,"FC") -> 70.992322 | D40: =AVERAGEIFS(kpdwfs_results!$I$2:$I$601,kpdwfs_results!$B$2:$B$601,3,kpdwfs_results!$C$2:$C$601,"NC") -> 0.024606
A41: scenario 4 | B41: =AVERAGEIFS(kpdwfs_results!$I$2:$I$601,kpdwfs_results!$B$2:$B$601,4,kpdwfs_results!$C$2:$C$601,"C") -> 8.5814521 | C41: =AVERAGEIFS(kpdwfs_results!$I$2:$I$601,kpdwfs_results!$B$2:$B$601,4,kpdwfs_results!$C$2:$C$601,"FC") -> 0.425652 | D41: =AVERAGEIFS(kpdwfs_results!$I$2:$I$601,kpdwfs_results!$B$2:$B$601,4,kpdwfs_results!$C$2:$C$601,"NC") -> 0.021552
A43: Speedup (DP/Gurobi)
B44: correlated | C44: fully-correlated | D44: not-correlated
A45: scenario 1 | B45: =B31/B38 -> 66.934294 | C45: =C31/C38 -> 85.427618 | D45: =D31/D38 -> 92.779629
A46: scenario 2 | B46: =B32/B39 -> 74.637235 | C46: =C32/C39 -> 87.110564 | D46: =D32/D39 -> 74.964019
A47: scenario 3 | B47: =B33/B40 -> 56.619275 | C47: =C33/C40 -> 0.71130072 | D47: =D33/D40 -> 2053.7411
A48: scenario 4 | B48: =B34/B41 -> 5.2725177 | C48: =C34/C41 -> 111.29603 | D48: =D34/D41 -> 2206.8626
A50: 6. TABLE 3.1: Running time (s) DP algorithm vs Gurobi
A51: Inst. group | C51: Scenario 1 | E51: Scenario 2 | G51: Scenario 3 | I51: Scenario 4 | K51: corr_type_full | L51: s1 | M51: s2 | N51: s3 | O51: s4
A52: Type | B52: n | C52: DP | D52: Gurobi | E52: DP | F52: Gurobi | G52: DP | H52: Gurobi | I52: DP | J52: Gurobi | K52: Helper → | L52: scenario 1 | M52: scenario 2 | N52: scenario 3 | O52: scenario 4
A53: NC | B53: 300 | C53: =AVERAGEIFS(kpdwfs_results!$G$2:$G$601,kpdwfs_results!$B$2:$B$601,1,kpdwfs_results!$C$2:$C$601,"NC",kpdwfs_results!$D$2:$D$601,$B53) -> 0.41313 | D53: =AVERAGEIFS(kpdwfs_results!$I$2:$I$601,kpdwfs_results!$B$2:$B$601,1,kpdwfs_results!$C$2:$C$601,"NC",kpdwfs_results!$D$2:$D$601,$B53) -> 0.01841 | E53: =AVERAGEIFS(kpdwfs_results!$G$2:$G$601,kpdwfs_results!$B$2:$B$601,2,kpdwfs_results!$C$2:$C$601,"NC",kpdwfs_results!$D$2:$D$601,$B53) -> 0.85384 | F53: =AVERAGEIFS(kpdwfs_results!$I$2:$I$601,kpdwfs_results!$B$2:$B$601,2,kpdwfs_results!$C$2:$C$601,"NC",kpdwfs_results!$D$2:$D$601,$B53) -> 0.02932 | G53: =AVERAGEIFS(kpdwfs_results!$G$2:$G$601,kpdwfs_results!$B$2:$B$601,3,kpdwfs_results!$C$2:$C$601,"NC",kpdwfs_results!$D$2:$D$601,$B53) -> 0.39659 | H53: =AVERAGEIFS(kpdwfs_results!$I$2:$I$601,kpdwfs_results!$B$2:$B$601,3,kpdwfs_results!$C$2:$C$601,"NC",kpdwfs_results!$D$2:$D$601,$B53) -> 0.01228 | I53: =AVERAGEIFS(kpdwfs_results!$G$2:$G$601,kpdwfs_results!$B$2:$B$601,4,kpdwfs_results!$C$2:$C$601,"NC",kpdwfs_results!$D$2:$D$601,$B53) -> 0.76081 | J53: =AVERAGEIFS(kpdwfs_results!$I$2:$I$601,kpdwfs_results!$B$2:$B$601,4,kpdwfs_results!$C$2:$C$601,"NC",kpdwfs_results!$D$2:$D$601,$B53) -> 0.01204 | K53: not-correlated
B54: 500 | C54: =AVERAGEIFS(kpdwfs_results!$G$2:$G$601,kpdwfs_results!$B$2:$B$601,1,kpdwfs_results!$C$2:$C$601,"NC",kpdwfs_results!$D$2:$D$601,$B54) -> 2.07001 | D54: =AVERAGEIFS(kpdwfs_results!$I$2:$I$601,kpdwfs_results!$B$2:$B$601,1,kpdwfs_results!$C$2:$C$601,"NC",kpdwfs_results!$D$2:$D$601,$B54) -> 0.04309 | E54: =AVERAGEIFS(kpdwfs_results!$G$2:$G$601,kpdwfs_results!$B$2:$B$601,2,kpdwfs_results!$C$2:$C$601,"NC",kpdwfs_results!$D$2:$D$601,$B54) -> 2.1468 | F54: =AVERAGEIFS(kpdwfs_results!$I$2:$I$601,kpdwfs_results!$B$2:$B$601,2,kpdwfs_results!$C$2:$C$601,"NC",kpdwfs_results!$D$2:$D$601,$B54) -> 0.0388 | G54: =AVERAGEIFS(kpdwfs_results!$G$2:$G$601,kpdwfs_results!$B$2:$B$601,3,kpdwfs_results!$C$2:$C$601,"NC",kpdwfs_results!$D$2:$D$601,$B54) -> 6.73421 | H54: =AVERAGEIFS(kpdwfs_results!$I$2:$I$601,kpdwfs_results!$B$2:$B$601,3,kpdwfs_results!$C$2:$C$601,"NC",kpdwfs_results!$D$2:$D$601,$B54) -> 0.01984 | I54: =AVERAGEIFS(kpdwfs_results!$G$2:$G$601,kpdwfs_results!$B$2:$B$601,4,kpdwfs_results!$C$2:$C$601,"NC",kpdwfs_results!$D$2:$D$601,$B54) -> 5.18855 | J54: =AVERAGEIFS(kpdwfs_results!$I$2:$I$601,kpdwfs_results!$B$2:$B$601,4,kpdwfs_results!$C$2:$C$601,"NC",kpdwfs_results!$D$2:$D$601,$B54) -> 0.01913 | K54: not-correlated
B55: 700 | C55: =AVERAGEIFS(kpdwfs_results!$G$2:$G$601,kpdwfs_results!$B$2:$B$601,1,kpdwfs_results!$C$2:$C$601,"NC",kpdwfs_results!$D$2:$D$601,$B55) -> 5.25633 | D55: =AVERAGEIFS(kpdwfs_results!$I$2:$I$601,kpdwfs_results!$B$2:$B$601,1,kpdwfs_results!$C$2:$C$601,"NC",kpdwfs_results!$D$2:$D$601,$B55) -> 0.07964 | E55: =AVERAGEIFS(kpdwfs_results!$G$2:$G$601,kpdwfs_results!$B$2:$B$601,2,kpdwfs_results!$C$2:$C$601,"NC",kpdwfs_results!$D$2:$D$601,$B55) -> 3.84914 | F55: =AVERAGEIFS(kpdwfs_results!$I$2:$I$601,kpdwfs_results!$B$2:$B$601,2,kpdwfs_results!$C$2:$C$601,"NC",kpdwfs_results!$D$2:$D$601,$B55) -> 0.05204 | G55: =AVERAGEIFS(kpdwfs_results!$G$2:$G$601,kpdwfs_results!$B$2:$B$601,3,kpdwfs_results!$C$2:$C$601,"NC",kpdwfs_results!$D$2:$D$601,$B55) -> 23.68199 | H55: =AVERAGEIFS(kpdwfs_results!$I$2:$I$601,kpdwfs_results!$B$2:$B$601,3,kpdwfs_results!$C$2:$C$601,"NC",kpdwfs_results!$D$2:$D$601,$B55) -> 0.0258 | I55: =AVERAGEIFS(kpdwfs_results!$G$2:$G$601,kpdwfs_results!$B$2:$B$601,4,kpdwfs_results!$C$2:$C$601,"NC",kpdwfs_results!$D$2:$D$601,$B55) -> 22.94245 | J55: =AVERAGEIFS(kpdwfs_results!$I$2:$I$601,kpdwfs_results!$B$2:$B$601,4,kpdwfs_results!$C$2:$C$601,"NC",kpdwfs_results!$D$2:$D$601,$B55) -> 0.02031 | K55: not-correlated
B56: 800 | C56: =AVERAGEIFS(kpdwfs_results!$G$2:$G$601,kpdwfs_results!$B$2:$B$601,1,kpdwfs_results!$C$2:$C$601,"NC",kpdwfs_results!$D$2:$D$601,$B56) -> 5.94448 | D56: =AVERAGEIFS(kpdwfs_results!$I$2:$I$601,kpdwfs_results!$B$2:$B$601,1,kpdwfs_results!$C$2:$C$601,"NC",kpdwfs_results!$D$2:$D$601,$B56) -> 0.0909 | E56: =AVERAGEIFS(kpdwfs_results!$G$2:$G$601,kpdwfs_results!$B$2:$B$601,2,kpdwfs_results!$C$2:$C$601,"NC",kpdwfs_results!$D$2:$D$601,$B56) -> 3.93512 | F56: =AVERAGEIFS(kpdwfs_results!$I$2:$I$601,kpdwfs_results!$B$2:$B$601,2,kpdwfs_results!$C$2:$C$601,"NC",kpdwfs_results!$D$2:$D$601,$B56) -> 0.05601 | G56: =AVERAGEIFS(kpdwfs_results!$G$2:$G$601,kpdwfs_results!$B$2:$B$601,3,kpdwfs_results!$C$2:$C$601,"NC",kpdwfs_results!$D$2:$D$601,$B56) -> 70.10862 | H56: =AVERAGEIFS(kpdwfs_results!$I$2:$I$601,kpdwfs_results!$B$2:$B$601,3,kpdwfs_results!$C$2:$C$601,"NC",kpdwfs_results!$D$2:$D$601,$B56) -> 0.03174 | I56: =AVERAGEIFS(kpdwfs_results!$G$2:$G$601,kpdwfs_results!$B$2:$B$601,4,kpdwfs_results!$C$2:$C$601,"NC",kpdwfs_results!$D$2:$D$601,$B56) -> 66.18148 | J56: =AVERAGEIFS(kpdwfs_results!$I$2:$I$601,kpdwfs_results!$B$2:$B$601,4,kpdwfs_results!$C$2:$C$601,"NC",kpdwfs_results!$D$2:$D$601,$B56) -> 0.02441 | K56: not-correlated
B57: 1000 | C57: =AVERAGEIFS(kpdwfs_results!$G$2:$G$601,kpdwfs_results!$B$2:$B$601,1,kpdwfs_results!$C$2:$C$601,"NC",kpdwfs_results!$D$2:$D$601,$B57) -> 16.89436 | D57: =AVERAGEIFS(kpdwfs_results!$I$2:$I$601,kpdwfs_results!$B$2:$B$601,1,kpdwfs_results!$C$2:$C$601,"NC",kpdwfs_results!$D$2:$D$601,$B57) -> 0.09754 | E57: =AVERAGEIFS(kpdwfs_results!$G$2:$G$601,kpdwfs_results!$B$2:$B$601,2,kpdwfs_results!$C$2:$C$601,"NC",kpdwfs_results!$D$2:$D$601,$B57) -> 7.11201 | F57: =AVERAGEIFS(kpdwfs_results!$I$2:$I$601,kpdwfs_results!$B$2:$B$601,2,kpdwfs_results!$C$2:$C$601,"NC",kpdwfs_results!$D$2:$D$601,$B57) -> 0.06257 | G57: =AVERAGEIFS(kpdwfs_results!$G$2:$G$601,kpdwfs_results!$B$2:$B$601,3,kpdwfs_results!$C$2:$C$601,"NC",kpdwfs_results!$D$2:$D$601,$B57) -> 151.75036 | H57: =AVERAGEIFS(kpdwfs_results!$I$2:$I$601,kpdwfs_results!$B$2:$B$601,3,kpdwfs_results!$C$2:$C$601,"NC",kpdwfs_results!$D$2:$D$601,$B57) -> 0.03337 | I57: =AVERAGEIFS(kpdwfs_results!$G$2:$G$601,kpdwfs_results!$B$2:$B$601,4,kpdwfs_results!$C$2:$C$601,"NC",kpdwfs_results!$D$2:$D$601,$B57) -> 142.73822 | J57: =AVERAGEIFS(kpdwfs_results!$I$2:$I$601,kpdwfs_results!$B$2:$B$601,4,kpdwfs_results!$C$2:$C$601,"NC",kpdwfs_results!$D$2:$D$601,$B57) -> 0.03187 | K57: not-correlated
A58: C | B58: 300 | C58: =AVERAGEIFS(kpdwfs_results!$G$2:$G$601,kpdwfs_results!$B$2:$B$601,1,kpdwfs_results!$C$2:$C$601,"C",kpdwfs_results!$D$2:$D$601,$B58) -> 0.42439 | D58: =AVERAGEIFS(kpdwfs_results!$I$2:$I$601,kpdwfs_results!$B$2:$B$601,1,kpdwfs_results!$C$2:$C$601,"C",kpdwfs_results!$D$2:$D$601,$B58) -> 0.09297 | E58: =AVERAGEIFS(kpdwfs_results!$G$2:$G$601,kpdwfs_results!$B$2:$B$601,2,kpdwfs_results!$C$2:$C$601,"C",kpdwfs_results!$D$2:$D$601,$B58) -> 0.85119 | F58: =AVERAGEIFS(kpdwfs_results!$I$2:$I$601,kpdwfs_results!$B$2:$B$601,2,kpdwfs_results!$C$2:$C$601,"C",kpdwfs_results!$D$2:$D$601,$B58) -> 0.03157 | G58: =AVERAGEIFS(kpdwfs_results!$G$2:$G$601,kpdwfs_results!$B$2:$B$601,3,kpdwfs_results!$C$2:$C$601,"C",kpdwfs_results!$D$2:$D$601,$B58) -> 0.41255 | H58: =AVERAGEIFS(kpdwfs_results!$I$2:$I$601,kpdwfs_results!$B$2:$B$601,3,kpdwfs_results!$C$2:$C$601,"C",kpdwfs_results!$D$2:$D$601,$B58) -> 0.02611 | I58: =AVERAGEIFS(kpdwfs_results!$G$2:$G$601,kpdwfs_results!$B$2:$B$601,4,kpdwfs_results!$C$2:$C$601,"C",kpdwfs_results!$D$2:$D$601,$B58) -> 0.7893 | J58: =AVERAGEIFS(kpdwfs_results!$I$2:$I$601,kpdwfs_results!$B$2:$B$601,4,kpdwfs_results!$C$2:$C$601,"C",kpdwfs_results!$D$2:$D$601,$B58) -> 0.03577 | K58: correlated
B59: 500 | C59: =AVERAGEIFS(kpdwfs_results!$G$2:$G$601,kpdwfs_results!$B$2:$B$601,1,kpdwfs_results!$C$2:$C$601,"C",kpdwfs_results!$D$2:$D$601,$B59) -> 2.05812 | D59: =AVERAGEIFS(kpdwfs_results!$I$2:$I$601,kpdwfs_results!$B$2:$B$601,1,kpdwfs_results!$C$2:$C$601,"C",kpdwfs_results!$D$2:$D$601,$B59) -> 0.06289 | E59: =AVERAGEIFS(kpdwfs_results!$G$2:$G$601,kpdwfs_results!$B$2:$B$601,2,kpdwfs_results!$C$2:$C$601,"C",kpdwfs_results!$D$2:$D$601,$B59) -> 2.30544 | F59: =AVERAGEIFS(kpdwfs_results!$I$2:$I$601,kpdwfs_results!$B$2:$B$601,2,kpdwfs_results!$C$2:$C$601,"C",kpdwfs_results!$D$2:$D$601,$B59) -> 0.05644 | G59: =AVERAGEIFS(kpdwfs_results!$G$2:$G$601,kpdwfs_results!$B$2:$B$601,3,kpdwfs_results!$C$2:$C$601,"C",kpdwfs_results!$D$2:$D$601,$B59) -> 7.52995 | H59: =AVERAGEIFS(kpdwfs_results!$I$2:$I$601,kpdwfs_results!$B$2:$B$601,3,kpdwfs_results!$C$2:$C$601,"C",kpdwfs_results!$D$2:$D$601,$B59) -> 0.05021 | I59: =AVERAGEIFS(kpdwfs_results!$G$2:$G$601,kpdwfs_results!$B$2:$B$601,4,kpdwfs_results!$C$2:$C$601,"C",kpdwfs_results!$D$2:$D$601,$B59) -> 5.45313 | J59: =AVERAGEIFS(kpdwfs_results!$I$2:$I$601,kpdwfs_results!$B$2:$B$601,4,kpdwfs_results!$C$2:$C$601,"C",kpdwfs_results!$D$2:$D$601,$B59) -> 0.07291 | K59: correlated
B60: 700 | C60: =AVERAGEIFS(kpdwfs_results!$G$2:$G$601,kpdwfs_results!$B$2:$B$601,1,kpdwfs_results!$C$2:$C$601,"C",kpdwfs_results!$D$2:$D$601,$B60) -> 5.17804 | D60: =AVERAGEIFS(kpdwfs_results!$I$2:$I$601,kpdwfs_results!$B$2:$B$601,1,kpdwfs_results!$C$2:$C$601,"C",kpdwfs_results!$D$2:$D$601,$B60) -> 0.0838 | E60: =AVERAGEIFS(kpdwfs_results!$G$2:$G$601,kpdwfs_results!$B$2:$B$601,2,kpdwfs_results!$C$2:$C$601,"C",kpdwfs_results!$D$2:$D$601,$B60) -> 4.03589 | F60: =AVERAGEIFS(kpdwfs_results!$I$2:$I$601,kpdwfs_results!$B$2:$B$601,2,kpdwfs_results!$C$2:$C$601,"C",kpdwfs_results!$D$2:$D$601,$B60) -> 0.05213 | G60: =AVERAGEIFS(kpdwfs_results!$G$2:$G$601,kpdwfs_results!$B$2:$B$601,3,kpdwfs_results!$C$2:$C$601,"C",kpdwfs_results!$D$2:$D$601,$B60) -> 24.77044 | H60: =AVERAGEIFS(kpdwfs_results!$I$2:$I$601,kpdwfs_results!$B$2:$B$601,3,kpdwfs_results!$C$2:$C$601,"C",kpdwfs_results!$D$2:$D$601,$B60) -> 0.12085 | I60: =AVERAGEIFS(kpdwfs_results!$G$2:$G$601,kpdwfs_results!$B$2:$B$601,4,kpdwfs_results!$C$2:$C$601,"C",kpdwfs_results!$D$2:$D$601,$B60) -> 23.03598 | J60: =AVERAGEIFS(kpdwfs_results!$I$2:$I$601,kpdwfs_results!$B$2:$B$601,4,kpdwfs_results!$C$2:$C$601,"C",kpdwfs_results!$D$2:$D$601,$B60) -> 5.15721 | K60: correlated
B61: 800 | C61: =AVERAGEIFS(kpdwfs_results!$G$2:$G$601,kpdwfs_results!$B$2:$B$601,1,kpdwfs_results!$C$2:$C$601,"C",kpdwfs_results!$D$2:$D$601,$B61) -> 6.10972 | D61: =AVERAGEIFS(kpdwfs_results!$I$2:$I$601,kpdwfs_results!$B$2:$B$601,1,kpdwfs_results!$C$2:$C$601,"C",kpdwfs_results!$D$2:$D$601,$B61) -> 0.08904 | E61: =AVERAGEIFS(kpdwfs_results!$G$2:$G$601,kpdwfs_results!$B$2:$B$601,2,kpdwfs_results!$C$2:$C$601,"C",kpdwfs_results!$D$2:$D$601,$B61) -> 4.10183 | F61: =AVERAGEIFS(kpdwfs_results!$I$2:$I$601,kpdwfs_results!$B$2:$B$601,2,kpdwfs_results!$C$2:$C$601,"C",kpdwfs_results!$D$2:$D$601,$B61) -> 0.05233 | G61: =AVERAGEIFS(kpdwfs_results!$G$2:$G$601,kpdwfs_results!$B$2:$B$601,3,kpdwfs_results!$C$2:$C$601,"C",kpdwfs_results!$D$2:$D$601,$B61) -> 76.76822 | H61: =AVERAGEIFS(kpdwfs_results!$I$2:$I$601,kpdwfs_results!$B$2:$B$601,3,kpdwfs_results!$C$2:$C$601,"C",kpdwfs_results!$D$2:$D$601,$B61) -> 0.05839 | I61: =AVERAGEIFS(kpdwfs_results!$G$2:$G$601,kpdwfs_results!$B$2:$B$601,4,kpdwfs_results!$C$2:$C$601,"C",kpdwfs_results!$D$2:$D$601,$B61) -> 62.23444 | J61: =AVERAGEIFS(kpdwfs_results!$I$2:$I$601,kpdwfs_results!$B$2:$B$601,4,kpdwfs_results!$C$2:$C$601,"C",kpdwfs_results!$D$2:$D$601,$B61) -> 39.575567 | K61: correlated
B62: 1000 | C62: =AVERAGEIFS(kpdwfs_results!$G$2:$G$601,kpdwfs_results!$B$2:$B$601,1,kpdwfs_results!$C$2:$C$601,"C",kpdwfs_results!$D$2:$D$601,$B62) -> 15.86355 | D62: =AVERAGEIFS(kpdwfs_results!$I$2:$I$601,kpdwfs_results!$B$2:$B$601,1,kpdwfs_results!$C$2:$C$601,"C",kpdwfs_results!$D$2:$D$601,$B62) -> 0.11403 | E62: =AVERAGEIFS(kpdwfs_results!$G$2:$G$601,kpdwfs_results!$B$2:$B$601,2,kpdwfs_results!$C$2:$C$601,"C",kpdwfs_results!$D$2:$D$601,$B62) -> 7.15075 | F62: =AVERAGEIFS(kpdwfs_results!$I$2:$I$601,kpdwfs_results!$B$2:$B$601,2,kpdwfs_results!$C$2:$C$601,"C",kpdwfs_results!$D$2:$D$601,$B62) -> 0.05466 | G62: =AVERAGEIFS(kpdwfs_results!$G$2:$G$601,kpdwfs_results!$B$2:$B$601,3,kpdwfs_results!$C$2:$C$601,"C",kpdwfs_results!$D$2:$D$601,$B62) -> 166.07636 | H62: =AVERAGEIFS(kpdwfs_results!$I$2:$I$601,kpdwfs_results!$B$2:$B$601,3,kpdwfs_results!$C$2:$C$601,"C",kpdwfs_results!$D$2:$D$601,$B62) -> 4.61129 | I62: =AVERAGEIFS(kpdwfs_results!$G$2:$G$601,kpdwfs_results!$B$2:$B$601,4,kpdwfs_results!$C$2:$C$601,"C",kpdwfs_results!$D$2:$D$601,$B62) -> 134.71644 | J62: =AVERAGEIFS(kpdwfs_results!$I$2:$I$601,kpdwfs_results!$B$2:$B$601,4,kpdwfs_results!$C$2:$C$601,"C",kpdwfs_results!$D$2:$D$601,$B62) -> 0.34118889 | K62: correlated
A63: FC | B63: 300 | C63: =AVERAGEIFS(kpdwfs_results!$G$2:$G$601,kpdwfs_results!$B$2:$B$601,1,kpdwfs_results!$C$2:$C$601,"FC",kpdwfs_results!$D$2:$D$601,$B63) -> 0.44703 | D63: =AVERAGEIFS(kpdwfs_results!$I$2:$I$601,kpdwfs_results!$B$2:$B$601,1,kpdwfs_results!$C$2:$C$601,"FC",kpdwfs_results!$D$2:$D$601,$B63) -> 0.04816 | E63: =AVERAGEIFS(kpdwfs_results!$G$2:$G$601,kpdwfs_results!$B$2:$B$601,2,kpdwfs_results!$C$2:$C$601,"FC",kpdwfs_results!$D$2:$D$601,$B63) -> 0.93782 | F63: =AVERAGEIFS(kpdwfs_results!$I$2:$I$601,kpdwfs_results!$B$2:$B$601,2,kpdwfs_results!$C$2:$C$601,"FC",kpdwfs_results!$D$2:$D$601,$B63) -> 0.03475 | G63: =AVERAGEIFS(kpdwfs_results!$G$2:$G$601,kpdwfs_results!$B$2:$B$601,3,kpdwfs_results!$C$2:$C$601,"FC",kpdwfs_results!$D$2:$D$601,$B63) -> 0.4083 | H63: =AVERAGEIFS(kpdwfs_results!$I$2:$I$601,kpdwfs_results!$B$2:$B$601,3,kpdwfs_results!$C$2:$C$601,"FC",kpdwfs_results!$D$2:$D$601,$B63) -> 0.03071 | I63: =AVERAGEIFS(kpdwfs_results!$G$2:$G$601,kpdwfs_results!$B$2:$B$601,4,kpdwfs_results!$C$2:$C$601,"FC",kpdwfs_results!$D$2:$D$601,$B63) -> 0.73513 | J63: =AVERAGEIFS(kpdwfs_results!$I$2:$I$601,kpdwfs_results!$B$2:$B$601,4,kpdwfs_results!$C$2:$C$601,"FC",kpdwfs_results!$D$2:$D$601,$B63) -> 0.03084 | K63: fully-correlated
B64: 500 | C64: =AVERAGEIFS(kpdwfs_results!$G$2:$G$601,kpdwfs_results!$B$2:$B$601,1,kpdwfs_results!$C$2:$C$601,"FC",kpdwfs_results!$D$2:$D$601,$B64) -> 2.1913 | D64: =AVERAGEIFS(kpdwfs_results!$I$2:$I$601,kpdwfs_results!$B$2:$B$601,1,kpdwfs_results!$C$2:$C$601,"FC",kpdwfs_results!$D$2:$D$601,$B64) -> 0.0825 | E64: =AVERAGEIFS(kpdwfs_results!$G$2:$G$601,kpdwfs_results!$B$2:$B$601,2,kpdwfs_results!$C$2:$C$601,"FC",kpdwfs_results!$D$2:$D$601,$B64) -> 2.33492 | F64: =AVERAGEIFS(kpdwfs_results!$I$2:$I$601,kpdwfs_results!$B$2:$B$601,2,kpdwfs_results!$C$2:$C$601,"FC",kpdwfs_results!$D$2:$D$601,$B64) -> 0.03849 | G64: =AVERAGEIFS(kpdwfs_results!$G$2:$G$601,kpdwfs_results!$B$2:$B$601,3,kpdwfs_results!$C$2:$C$601,"FC",kpdwfs_results!$D$2:$D$601,$B64) -> 7.20652 | H64: =AVERAGEIFS(kpdwfs_results!$I$2:$I$601,kpdwfs_results!$B$2:$B$601,3,kpdwfs_results!$C$2:$C$601,"FC",kpdwfs_results!$D$2:$D$601,$B64) -> 0.05034 | I64: =AVERAGEIFS(kpdwfs_results!$G$2:$G$601,kpdwfs_results!$B$2:$B$601,4,kpdwfs_results!$C$2:$C$601,"FC",kpdwfs_results!$D$2:$D$601,$B64) -> 5.25294 | J64: =AVERAGEIFS(kpdwfs_results!$I$2:$I$601,kpdwfs_results!$B$2:$B$601,4,kpdwfs_results!$C$2:$C$601,"FC",kpdwfs_results!$D$2:$D$601,$B64) -> 0.16251 | K64: fully-correlated
B65: 700 | C65: =AVERAGEIFS(kpdwfs_results!$G$2:$G$601,kpdwfs_results!$B$2:$B$601,1,kpdwfs_results!$C$2:$C$601,"FC",kpdwfs_results!$D$2:$D$601,$B65) -> 5.45944 | D65: =AVERAGEIFS(kpdwfs_results!$I$2:$I$601,kpdwfs_results!$B$2:$B$601,1,kpdwfs_results!$C$2:$C$601,"FC",kpdwfs_results!$D$2:$D$601,$B65) -> 0.07752 | E65: =AVERAGEIFS(kpdwfs_results!$G$2:$G$601,kpdwfs_results!$B$2:$B$601,2,kpdwfs_results!$C$2:$C$601,"FC",kpdwfs_results!$D$2:$D$601,$B65) -> 4.13428 | F65: =AVERAGEIFS(kpdwfs_results!$I$2:$I$601,kpdwfs_results!$B$2:$B$601,2,kpdwfs_results!$C$2:$C$601,"FC",kpdwfs_results!$D$2:$D$601,$B65) -> 0.04453 | G65: =AVERAGEIFS(kpdwfs_results!$G$2:$G$601,kpdwfs_results!$B$2:$B$601,3,kpdwfs_results!$C$2:$C$601,"FC",kpdwfs_results!$D$2:$D$601,$B65) -> 23.00509 | H65: =AVERAGEIFS(kpdwfs_results!$I$2:$I$601,kpdwfs_results!$B$2:$B$601,3,kpdwfs_results!$C$2:$C$601,"FC",kpdwfs_results!$D$2:$D$601,$B65) -> 0.06664 | I65: =AVERAGEIFS(kpdwfs_results!$G$2:$G$601,kpdwfs_results!$B$2:$B$601,4,kpdwfs_results!$C$2:$C$601,"FC",kpdwfs_results!$D$2:$D$601,$B65) -> 22.56396 | J65: =AVERAGEIFS(kpdwfs_results!$I$2:$I$601,kpdwfs_results!$B$2:$B$601,4,kpdwfs_results!$C$2:$C$601,"FC",kpdwfs_results!$D$2:$D$601,$B65) -> 1.70674 | K65: fully-correlated
B66: 800 | C66: =AVERAGEIFS(kpdwfs_results!$G$2:$G$601,kpdwfs_results!$B$2:$B$601,1,kpdwfs_results!$C$2:$C$601,"FC",kpdwfs_results!$D$2:$D$601,$B66) -> 6.18469 | D66: =AVERAGEIFS(kpdwfs_results!$I$2:$I$601,kpdwfs_results!$B$2:$B$601,1,kpdwfs_results!$C$2:$C$601,"FC",kpdwfs_results!$D$2:$D$601,$B66) -> 0.08379 | E66: =AVERAGEIFS(kpdwfs_results!$G$2:$G$601,kpdwfs_results!$B$2:$B$601,2,kpdwfs_results!$C$2:$C$601,"FC",kpdwfs_results!$D$2:$D$601,$B66) -> 4.09131 | F66: =AVERAGEIFS(kpdwfs_results!$I$2:$I$601,kpdwfs_results!$B$2:$B$601,2,kpdwfs_results!$C$2:$C$601,"FC",kpdwfs_results!$D$2:$D$601,$B66) -> 0.05303 | G66: =AVERAGEIFS(kpdwfs_results!$G$2:$G$601,kpdwfs_results!$B$2:$B$601,3,kpdwfs_results!$C$2:$C$601,"FC",kpdwfs_results!$D$2:$D$601,$B66) -> 70.23585 | H66: =AVERAGEIFS(kpdwfs_results!$I$2:$I$601,kpdwfs_results!$B$2:$B$601,3,kpdwfs_results!$C$2:$C$601,"FC",kpdwfs_results!$D$2:$D$601,$B66) -> 0.06188 | I66: =AVERAGEIFS(kpdwfs_results!$G$2:$G$601,kpdwfs_results!$B$2:$B$601,4,kpdwfs_results!$C$2:$C$601,"FC",kpdwfs_results!$D$2:$D$601,$B66) -> 67.53567 | J66: =AVERAGEIFS(kpdwfs_results!$I$2:$I$601,kpdwfs_results!$B$2:$B$601,4,kpdwfs_results!$C$2:$C$601,"FC",kpdwfs_results!$D$2:$D$601,$B66) -> 0.04432 | K66: fully-correlated
B67: 1000 | C67: =AVERAGEIFS(kpdwfs_results!$G$2:$G$601,kpdwfs_results!$B$2:$B$601,1,kpdwfs_results!$C$2:$C$601,"FC",kpdwfs_results!$D$2:$D$601,$B67) -> 17.71958 | D67: =AVERAGEIFS(kpdwfs_results!$I$2:$I$601,kpdwfs_results!$B$2:$B$601,1,kpdwfs_results!$C$2:$C$601,"FC",kpdwfs_results!$D$2:$D$601,$B67) -> 0.08264 | E67: =AVERAGEIFS(kpdwfs_results!$G$2:$G$601,kpdwfs_results!$B$2:$B$601,2,kpdwfs_results!$C$2:$C$601,"FC",kpdwfs_results!$D$2:$D$601,$B67) -> 7.78882 | F67: =AVERAGEIFS(kpdwfs_results!$I$2:$I$601,kpdwfs_results!$B$2:$B$601,2,kpdwfs_results!$C$2:$C$601,"FC",kpdwfs_results!$D$2:$D$601,$B67) -> 0.05061 | G67: =AVERAGEIFS(kpdwfs_results!$G$2:$G$601,kpdwfs_results!$B$2:$B$601,3,kpdwfs_results!$C$2:$C$601,"FC",kpdwfs_results!$D$2:$D$601,$B67) -> 151.62869 | H67: =AVERAGEIFS(kpdwfs_results!$I$2:$I$601,kpdwfs_results!$B$2:$B$601,3,kpdwfs_results!$C$2:$C$601,"FC",kpdwfs_results!$D$2:$D$601,$B67) -> 354.75204 | I67: =AVERAGEIFS(kpdwfs_results!$G$2:$G$601,kpdwfs_results!$B$2:$B$601,4,kpdwfs_results!$C$2:$C$601,"FC",kpdwfs_results!$D$2:$D$601,$B67) -> 140.77919 | J67: =AVERAGEIFS(kpdwfs_results!$I$2:$I$601,kpdwfs_results!$B$2:$B$601,4,kpdwfs_results!$C$2:$C$601,"FC",kpdwfs_results!$D$2:$D$601,$B67) -> 0.18385 | K67: fully-correlated
A109: 8. OLS REGRESSION — Difference vs. drivers
A110: Dependent variable: Difference (gurobi_time − dp_time, seconds). Sample: 598 instances where both solvers returned a result. NC = baseline correlation category.
A111: Note: b is dropped because b≈1.55·n (perfect collinearity). Scenario is dropped because k is the underlying driver (sc1/sc2 → low k, sc3/sc4 → high k).
A113: Model A — Linear, all 598 observations
A114: Variable | B114: Coefficient | C114: Std. Error | D114: t-stat | E114: p-value | F114: Sig.
A115: Intercept | B115: 17.1709 | C115: 23.2775 | D115: 0.7377 | E115: 0.4607
A116: n | B116: -0.0342 | C116: 0.0278 | D116: -1.2322 | E116: 0.2179
A117: sets | B117: 0.3567 | C117: 0.2438 | D117: 1.4635 | E117: 0.1433
A118: k | B118: -0.0856 | C118: 0.0247 | D118: -3.4657 | E118: 0.0005 | F118: ***
A119: isFC (fully-correlated) | B119: 17.325 | C119: 14.5127 | D119: 1.1938 | E119: 0.2326
A120: isC (correlated) | B120: 1.7026 | C120: 14.5491 | D120: 0.117 | E120: 0.9068
A122: N = 598 | R² = 0.0397 | Adj. R² = 0.0316 | F = 4.90 | Residual SD = 145.10 s
A123: Interpretation: only k is significant. R² is very low because the case sc3_id4 (Difference = +3397 s) is a massive outlier that dominates total variance.
A125: Model B — Linear, excluding the single extreme outlier (|Difference| > 1000 s)
A126: One observation dropped: kpdwfs_sc3_id4_n1000_b1550_sets113_k1072_fully-correlated (Difference = +3397 s).
A127: Variable | B127: Coefficient | C127: Std. Error | D127: t-stat | E127: p-value | F127: Sig.
A128: Intercept | B128: 69.7758 | C128: 3.8983 | D128: 17.899 | E128: 1.2871 | F128: ***
A129: n | B129: -0.0416 | C129: 0.0046 | D129: -8.9864 | E129: 2.5919 | F129: ***
A130: k | B130: -0.1255 | C130: 0.0041 | D130: -30.4085 | E130: 4.8203 | F130: ***
A131: sets | B131: -0.0947 | C131: 0.0408 | D131: -2.3221 | E131: 0.0202 | F131: *
A132: isFC (fully-correlated) | B132: 0.3059 | C132: 2.4226 | D132: 0.1263 | E132: 0.8995
A133: isC (correlated) | B133: 1.9851 | C133: 2.4258 | D133: 0.8183 | E133: 0.4132
A135: N = 597 | R² = 0.7301 | Adj. R² = 0.7278 | F = 319.68 | Residual SD = 24.19 s
A136: Significance: *** p<0.001, ** p<0.01, * p<0.05
A138: Interpretation
A139: • k is the dominant driver: every +1 unit of k decreases Difference by 0.125 s (Gurobi pulls ahead by 0.125 s). Across the k range 288–1072, that is ~98 s of additional Gurobi advantage.
A140: • n adds an independent effect: every +1 item lowers Difference by 0.042 s. Across n=300→1000, that is ~29 s of additional Gurobi advantage on top of k.
A141: • sets is mildly significant and negative (−0.095 s per set) — once the outlier is removed, having more sets does not hurt Gurobi systematically.
A142: • Correlation dummies (isFC, isC) are not significant. Correlation type does not have a linear average effect; it only matters through the rare extreme Gurobi blow-up (the dropped outlier).
A143: • R² = 0.73 (Model B) vs. 0.04 (Model A) confirms that a single fully-correlated instance carries most of the unpredictable variance — the rest of the dataset is well explained by n and k alone.
A144: • Caveat: the negative intercept gradient implies DP’s O(n·k) cost grows linearly here. A log–log or interaction model would fit even better, but the linear OLS is already strongly significant for the two key drivers.
