Workbook

Sheet results_dp
A1: scenario | B1: corr_type | C1: instance_file | D1: n | E1: obj_value | F1: runtime
A2: scenario 1 | B2: correlated | C2: scen_1id_10_objs_1000_size_1550_sets_89_k_18_correlated.txt | D2: 1000 | E2: 2602 | F2: 4.32
A3: scenario 1 | B3: correlated | C3: scen_1id_10_objs_300_size_465_sets_77_k_20_correlated.txt | D3: 300 | E3: 1271 | F3: 0.07
A4: scenario 1 | B4: correlated | C4: scen_1id_10_objs_500_size_775_sets_83_k_20_correlated.txt | D4: 500 | E4: 1767 | F4: 0.42
A5: scenario 1 | B5: correlated | C5: scen_1id_10_objs_700_size_1085_sets_91_k_20_correlated.txt | D5: 700 | E5: 2175 | F5: 1.52
A6: scenario 1 | B6: correlated | C6: scen_1id_10_objs_800_size_1240_sets_94_k_18_correlated.txt | D6: 800 | E6: 2342 | F6: 2.04
A7: scenario 1 | B7: correlated | C7: scen_1id_1_objs_1000_size_1550_sets_89_k_18_correlated.txt | D7: 1000 | E7: 2602 | F7: 4.07
A8: scenario 1 | B8: correlated | C8: scen_1id_1_objs_300_size_465_sets_74_k_20_correlated.txt | D8: 300 | E8: 1174 | F8: 0.07
A9: scenario 1 | B9: correlated | C9: scen_1id_1_objs_500_size_775_sets_78_k_20_correlated.txt | D9: 500 | E9: 1732 | F9: 0.46
A10: scenario 1 | B10: correlated | C10: scen_1id_1_objs_700_size_1085_sets_82_k_20_correlated.txt | D10: 700 | E10: 2085 | F10: 1.49
A11: scenario 1 | B11: correlated | C11: scen_1id_1_objs_800_size_1240_sets_93_k_18_correlated.txt | D11: 800 | E11: 2332 | F11: 2.09
A12: scenario 1 | B12: correlated | C12: scen_1id_2_objs_1000_size_1550_sets_96_k_18_correlated.txt | D12: 1000 | E12: 2672 | F12: 3.93
A13: scenario 1 | B13: correlated | C13: scen_1id_2_objs_300_size_465_sets_79_k_20_correlated.txt | D13: 300 | E13: 1258 | F13: 0.07
... A601: scenario 4 | B601: not-correlated | C601: scen_4id_9_objs_800_size_1240_sets_41_k_53_not-correlated.txt | D601: 800 | E601: 4045 | F601: 8.6

Sheet results_gurobi
A1: scenario | B1: corr_type | C1: instance_file | D1: n | E1: obj_value | F1: runtime
A2: scenario 1 | B2: correlated | C2: scen_1id_10_objs_1000_size_1550_sets_89_k_18_correlated.txt | D2: 1000 | E2: 2602 | F2: 0.05
A3: scenario 1 | B3: correlated | C3: scen_1id_10_objs_300_size_465_sets_77_k_20_correlated.txt | D3: 300 | E3: 1271 | F3: 0.01
A4: scenario 1 | B4: correlated | C4: scen_1id_10_objs_500_size_775_sets_83_k_20_correlated.txt | D4: 500 | E4: 1767 | F4: 0.01
A5: scenario 1 | B5: correlated | C5: scen_1id_10_objs_700_size_1085_sets_91_k_20_correlated.txt | D5: 700 | E5: 2175 | F5: 0.01
A6: scenario 1 | B6: correlated | C6: scen_1id_10_objs_800_size_1240_sets_94_k_18_correlated.txt | D6: 800 | E6: 2342 | F6: 0.01
A7: scenario 1 | B7: correlated | C7: scen_1id_1_objs_1000_size_1550_sets_89_k_18_correlated.txt | D7: 1000 | E7: 2602 | F7: 0.01
A8: scenario 1 | B8: correlated | C8: scen_1id_1_objs_300_size_465_sets_74_k_20_correlated.txt | D8: 300 | E8: 1174 | F8: 0.01
A9: scenario 1 | B9: correlated | C9: scen_1id_1_objs_500_size_775_sets_78_k_20_correlated.txt | D9: 500 | E9: 1732 | F9: 0.01
A10: scenario 1 | B10: correlated | C10: scen_1id_1_objs_700_size_1085_sets_82_k_20_correlated.txt | D10: 700 | E10: 2085 | F10: 0.01
A11: scenario 1 | B11: correlated | C11: scen_1id_1_objs_800_size_1240_sets_93_k_18_correlated.txt | D11: 800 | E11: 2332 | F11: 0.01
A12: scenario 1 | B12: correlated | C12: scen_1id_2_objs_1000_size_1550_sets_96_k_18_correlated.txt | D12: 1000 | E12: 2672 | F12: 0.01
A13: scenario 1 | B13: correlated | C13: scen_1id_2_objs_300_size_465_sets_79_k_20_correlated.txt | D13: 300 | E13: 1258 | F13: 0
... A601: scenario 4 | B601: not-correlated | C601: scen_4id_9_objs_800_size_1240_sets_41_k_53_not-correlated.txt | D601: 800 | E601: 4045 | F601: 0.01

Sheet results_gurobi_test
A1: scenario | B1: corr_type | C1: instance_file | D1: n | E1: obj_value | F1: runtime
A2: scenario 1 | B2: correlated | C2: scen_1id_10_objs_1000_size_1550_sets_89_k_18_correlated.txt | D2: 1000 | E2: 2602.0 | F2: 0.02
A3: scenario 1 | B3: correlated | C3: scen_1id_10_objs_300_size_465_sets_77_k_20_correlated.txt | D3: 300 | E3: 1.2713333e+16 | F3: 0.00
A4: scenario 1 | B4: correlated | C4: scen_1id_10_objs_500_size_775_sets_83_k_20_correlated.txt | D4: 500 | E4: 1.7672308e+15 | F4: 0.00
A5: scenario 1 | B5: correlated | C5: scen_1id_10_objs_700_size_1085_sets_91_k_20_correlated.txt | D5: 700 | E5: 2175.0 | F5: 0.00
A6: scenario 1 | B6: correlated | C6: scen_1id_10_objs_800_size_1240_sets_94_k_18_correlated.txt | D6: 800 | E6: 2342.0 | F6: 0.00
A7: scenario 1 | B7: correlated | C7: scen_1id_1_objs_1000_size_1550_sets_89_k_18_correlated.txt | D7: 1000 | E7: 2602.0 | F7: 0.00
A8: scenario 1 | B8: correlated | C8: scen_1id_1_objs_300_size_465_sets_74_k_20_correlated.txt | D8: 300 | E8: 1.1751111e+15 | F8: 0.00
A9: scenario 1 | B9: correlated | C9: scen_1id_1_objs_500_size_775_sets_78_k_20_correlated.txt | D9: 500 | E9: 1732.0 | F9: 0.00
A10: scenario 1 | B10: correlated | C10: scen_1id_1_objs_700_size_1085_sets_82_k_20_correlated.txt | D10: 700 | E10: 2085.0 | F10: 0.00
A11: scenario 1 | B11: correlated | C11: scen_1id_1_objs_800_size_1240_sets_93_k_18_correlated.txt | D11: 800 | E11: 2332.0 | F11: 0.00
A12: scenario 1 | B12: correlated | C12: scen_1id_2_objs_1000_size_1550_sets_96_k_18_correlated.txt | D12: 1000 | E12: 2672.0 | F12: 0.00
A13: scenario 1 | B13: correlated | C13: scen_1id_2_objs_300_size_465_sets_79_k_20_correlated.txt | D13: 300 | E13: 1258.0 | F13: 0.00
A14: scenario 1 | B14: correlated | C14: scen_1id_2_objs_500_size_775_sets_83_k_20_correlated.txt | D14: 500 | E14: 1771.0 | F14: 0.00
A15: scenario 1 | B15: correlated | C15: scen_1id_2_objs_700_size_1085_sets_102_k_20_correlated.txt | D15: 700 | E15: 2282.0 | F15: 0.00
A16: scenario 1 | B16: correlated | C16: scen_1id_2_objs_800_size_1240_sets_100_k_18_correlated.txt | D16: 800 | E16: 2402.0 | F16: 0.00
A17: scenario 1 | B17: correlated | C17: scen_1id_3_objs_1000_size_1550_sets_89_k_18_correlated.txt | D17: 1000 | E17: 2602.0 | F17: 0.00
A18: scenario 1 | B18: correlated | C18: scen_1id_3_objs_300_size_465_sets_76_k_20_correlated.txt | D18: 300 | E18: 1.21575e+16 | F18: 0.00
A19: scenario 1 | B19: correlated | C19: scen_1id_3_objs_500_size_775_sets_84_k_20_correlated.txt | D19: 500 | E19: 1.7764615e+16 | F19: 0.00
A20: scenario 1 | B20: correlated | C20: scen_1id_3_objs_700_size_1085_sets_86_k_20_correlated.txt | D20: 700 | E20: 2125.0 | F20: 0.00
A21: scenario 1 | B21: correlated | C21: scen_1id_3_objs_800_size_1240_sets_92_k_18_correlated.txt | D21: 800 | E21: 2.317e+16 | F21: 0.00
A22: scenario 1 | B22: correlated | C22: scen_1id_4_objs_1000_size_1550_sets_90_k_18_correlated.txt | D22: 1000 | E22: 2612.0 | F22: 0.00
A23: scenario 1 | B23: correlated | C23: scen_1id_4_objs_300_size_465_sets_78_k_20_correlated.txt | D23: 300 | E23: 1.2013333e+16 | F23: 0.00
A24: scenario 1 | B24: correlated | C24: scen_1id_4_objs_500_size_775_sets_81_k_20_correlated.txt | D24: 500 | E24: 1.7564211e+15 | F24: 0.00
A25: scenario 1 | B25: correlated | C25: scen_1id_4_objs_700_size_1085_sets_82_k_20_correlated.txt | D25: 700 | E25: 2085.0 | F25: 0.00
A26: scenario 1 | B26: correlated | C26: scen_1id_4_objs_800_size_1240_sets_99_k_18_correlated.txt | D26: 800 | E26: 2392.0 | F26: 0.00
A27: scenario 1 | B27: correlated | C27: scen_1id_5_objs_1000_size_1550_sets_84_k_18_correlated.txt | D27: 1000 | E27: 2542.0 | F27: 0.00
A28: scenario 1 | B28: correlated | C28: scen_1id_5_objs_300_size_465_sets_75_k_20_correlated.txt | D28: 300 | E28: 1200.0 | F28: 0.00
A29: scenario 1 | B29: correlated | C29: scen_1id_5_objs_500_size_775_sets_83_k_20_correlated.txt | D29: 500 | E29: 1778.0 | F29: 0.00
A30: scenario 1 | B30: correlated | C30: scen_1id_5_objs_700_size_1085_sets_80_k_20_correlated.txt | D30: 700 | E30: 2065.0 | F30: 0.00
A31: scenario 1 | B31: correlated | C31: scen_1id_5_objs_800_size_1240_sets_91_k_18_correlated.txt | D31: 800 | E31: 2312.0 | F31: 0.00
A32: scenario 1 | B32: correlated | C32: scen_1id_6_objs_1000_size_1550_sets_91_k_18_correlated.txt | D32: 1000 | E32: 2622.0 | F32: 0.00
A33: scenario 1 | B33: correlated | C33: scen_1id_6_objs_300_size_465_sets_78_k_20_correlated.txt | D33: 300 | E33: 1.2083333e+16 | F33: 0.00
A34: scenario 1 | B34: correlated | C34: scen_1id_6_objs_500_size_775_sets_87_k_20_correlated.txt | D34: 500 | E34: 1819625 | F34: 0.00
A35: scenario 1 | B35: correlated | C35: scen_1id_6_objs_700_size_1085_sets_92_k_20_correlated.txt | D35: 700 | E35: 2180.0 | F35: 0.00
A36: scenario 1 | B36: correlated | C36: scen_1id_6_objs_800_size_1240_sets_87_k_18_correlated.txt | D36: 800 | E36: 2272.0 | F36: 0.00
A37: scenario 1 | B37: correlated | C37: scen_1id_7_objs_1000_size_1550_sets_96_k_18_correlated.txt | D37: 1000 | E37: 2672.0 | F37: 0.00
A38: scenario 1 | B38: correlated | C38: scen_1id_7_objs_300_size_465_sets_78_k_20_correlated.txt | D38: 300 | E38: 1.2366667e+16 | F38: 0.00
A39: scenario 1 | B39: correlated | C39: scen_1id_7_objs_500_size_775_sets_83_k_20_correlated.txt | D39: 500 | E39: 1779.0 | F39: 0.00
A40: scenario 1 | B40: correlated | C40: scen_1id_7_objs_700_size_1085_sets_88_k_20_correlated.txt | D40: 700 | E40: 2145.0 | F40: 0.00
A41: scenario 1 | B41: correlated | C41: scen_1id_7_objs_800_size_1240_sets_86_k_18_correlated.txt | D41: 800 | E41: 2253.0 | F41: 0.00
A42: scenario 1 | B42: correlated | C42: scen_1id_8_objs_1000_size_1550_sets_93_k_18_correlated.txt | D42: 1000 | E42: 2642.0 | F42: 0.00
A43: scenario 1 | B43: correlated | C43: scen_1id_8_objs_300_size_465_sets_76_k_20_correlated.txt | D43: 300 | E43: 12425625 | F43: 0.00
A44: scenario 1 | B44: correlated | C44: scen_1id_8_objs_500_size_775_sets_83_k_20_correlated.txt | D44: 500 | E44: 1775.0 | F44: 0.00
A45: scenario 1 | B45: correlated | C45: scen_1id_8_objs_700_size_1085_sets_88_k_20_correlated.txt | D45: 700 | E45: 2145.0 | F45: 0.00
A46: scenario 1 | B46: correlated | C46: scen_1id_8_objs_800_size_1240_sets_81_k_18_correlated.txt | D46: 800 | E46: 2212.0 | F46: 0.00
A47: scenario 1 | B47: correlated | C47: scen_1id_9_objs_1000_size_1550_sets_85_k_18_correlated.txt | D47: 1000 | E47: 2562.0 | F47: 0.00
A48: scenario 1 | B48: correlated | C48: scen_1id_9_objs_300_size_465_sets_74_k_20_correlated.txt | D48: 300 | E48: 1171125 | F48: 0.00
A49: scenario 1 | B49: correlated | C49: scen_1id_9_objs_500_size_775_sets_82_k_20_correlated.txt | D49: 500 | E49: 1.7686842e+16 | F49: 0.00
A50: scenario 1 | B50: correlated | C50: scen_1id_9_objs_700_size_1085_sets_90_k_20_correlated.txt | D50: 700 | E50: 2165.0 | F50: 0.00
A51: scenario 1 | B51: correlated | C51: scen_1id_9_objs_800_size_1240_sets_96_k_18_correlated.txt | D51: 800 | E51: 2362.0 | F51: 0.00
A52: scenario 1 | B52: fully-correlated | C52: scen_1id_10_objs_1000_size_1550_sets_96_k_18_fully-correlated.txt | D52: 1000 | E52: 2.654e+16 | F52: 0.00
A53: scenario 1 | B53: fully-correlated | C53: scen_1id_10_objs_300_size_465_sets_73_k_20_fully-correlated.txt | D53: 300 | E53: 1.1866667e+16 | F53: 0.00
A54: scenario 1 | B54: fully-correlated | C54: scen_1id_10_objs_500_size_775_sets_79_k_20_fully-correlated.txt | D54: 500 | E54: 1682.0 | F54: 0.00
A55: scenario 1 | B55: fully-correlated | C55: scen_1id_10_objs_700_size_1085_sets_82_k_20_fully-correlated.txt | D55: 700 | E55: 2065.0 | F55: 0.00
A56: scenario 1 | B56: fully-correlated | C56: scen_1id_10_objs_800_size_1240_sets_93_k_18_fully-correlated.txt | D56: 800 | E56: 2311.0 | F56: 0.00
A57: scenario 1 | B57: fully-correlated | C57: scen_1id_1_objs_1000_size_1550_sets_88_k_18_fully-correlated.txt | D57: 1000 | E57: 2574.0 | F57: 0.00
A58: scenario 1 | B58: fully-correlated | C58: scen_1id_1_objs_300_size_465_sets_78_k_20_fully-correlated.txt | D58: 300 | E58: 1186375 | F58: 0.00
A59: scenario 1 | B59: fully-correlated | C59: scen_1id_1_objs_500_size_775_sets_87_k_20_fully-correlated.txt | D59: 500 | E59: 1756.0 | F59: 0.00
A60: scenario 1 | B60: fully-correlated | C60: scen_1id_1_objs_700_size_1085_sets_92_k_20_fully-correlated.txt | D60: 700 | E60: 2147.0 | F60: 0.00
A61: scenario 1 | B61: fully-correlated | C61: scen_1id_1_objs_800_size_1240_sets_94_k_18_fully-correlated.txt | D61: 800 | E61: 2306.0 | F61: 0.00
A62: scenario 1 | B62: fully-correlated | C62: scen_1id_2_objs_1000_size_1550_sets_85_k_18_fully-correlated.txt | D62: 1000 | E62: 2544.0 | F62: 0.00
A63: scenario 1 | B63: fully-correlated | C63: scen_1id_2_objs_300_size_465_sets_75_k_20_fully-correlated.txt | D63: 300 | E63: 1.239087e+16 | F63: 0.00
A64: scenario 1 | B64: fully-correlated | C64: scen_1id_2_objs_500_size_775_sets_85_k_20_fully-correlated.txt | D64: 500 | E64: 1772.0 | F64: 0.00
A65: scenario 1 | B65: fully-correlated | C65: scen_1id_2_objs_700_size_1085_sets_84_k_20_fully-correlated.txt | D65: 700 | E65: 2065.0 | F65: 0.00
A66: scenario 1 | B66: fully-correlated | C66: scen_1id_2_objs_800_size_1240_sets_81_k_18_fully-correlated.txt | D66: 800 | E66: 2176.0 | F66: 0.00
A67: scenario 1 | B67: fully-correlated | C67: scen_1id_3_objs_1000_size_1550_sets_91_k_18_fully-correlated.txt | D67: 1000 | E67: 2604.0 | F67: 0.00
A68: scenario 1 | B68: fully-correlated | C68: scen_1id_3_objs_300_size_465_sets_78_k_20_fully-correlated.txt | D68: 300 | E68: 1228125 | F68: 0.00
A69: scenario 1 | B69: fully-correlated | C69: scen_1id_3_objs_500_size_775_sets_88_k_20_fully-correlated.txt | D69: 500 | E69: 1793.0 | F69: 0.00
A70: scenario 1 | B70: fully-correlated | C70: scen_1id_3_objs_700_size_1085_sets_87_k_20_fully-correlated.txt | D70: 700 | E70: 2095.0 | F70: 0.00
A71: scenario 1 | B71: fully-correlated | C71: scen_1id_3_objs_800_size_1240_sets_93_k_18_fully-correlated.txt | D71: 800 | E71: 2296.0 | F71: 0.00
A72: scenario 1 | B72: fully-correlated | C72: scen_1id_4_objs_1000_size_1550_sets_113_k_18_fully-correlated.txt | D72: 1000 | E72: 2825.0 | F72: 0.00
A73: scenario 1 | B73: fully-correlated | C73: scen_1id_4_objs_300_size_465_sets_75_k_20_fully-correlated.txt | D73: 300 | E73: 1164.0 | F73: 0.00
A74: scenario 1 | B74: fully-correlated | C74: scen_1id_4_objs_500_size_775_sets_93_k_20_fully-correlated.txt | D74: 500 | E74: 1833.0 | F74: 0.00
A75: scenario 1 | B75: fully-correlated | C75: scen_1id_4_objs_700_size_1085_sets_83_k_20_fully-correlated.txt | D75: 700 | E75: 2055.0 | F75: 0.00
A76: scenario 1 | B76: fully-correlated | C76: scen_1id_4_objs_800_size_1240_sets_85_k_18_fully-correlated.txt | D76: 800 | E76: 2216.0 | F76: 0.00
A77: scenario 1 | B77: fully-correlated | C77: scen_1id_5_objs_1000_size_1550_sets_99_k_18_fully-correlated.txt | D77: 1000 | E77: 2684.0 | F77: 0.00
A78: scenario 1 | B78: fully-correlated | C78: scen_1id_5_objs_300_size_465_sets_78_k_20_fully-correlated.txt | D78: 300 | E78: 1.2195714e+16 | F78: 0.00
A79: scenario 1 | B79: fully-correlated | C79: scen_1id_5_objs_500_size_775_sets_79_k_20_fully-correlated.txt | D79: 500 | E79: 1694.0 | F79: 0.00
A80: scenario 1 | B80: fully-correlated | C80: scen_1id_5_objs_700_size_1085_sets_92_k_20_fully-correlated.txt | D80: 700 | E80: 2145.0 | F80: 0.00
A81: scenario 1 | B81: fully-correlated | C81: scen_1id_5_objs_800_size_1240_sets_86_k_18_fully-correlated.txt | D81: 800 | E81: 2226.0 | F81: 0.00
A82: scenario 1 | B82: fully-correlated | C82: scen_1id_6_objs_1000_size_1550_sets_95_k_18_fully-correlated.txt | D82: 1000 | E82: 2644.0 | F82: 0.00
A83: scenario 1 | B83: fully-correlated | C83: scen_1id_6_objs_300_size_465_sets_75_k_20_fully-correlated.txt | D83: 300 | E83: 1.2141765e+16 | F83: 0.00
A84: scenario 1 | B84: fully-correlated | C84: scen_1id_6_objs_500_size_775_sets_81_k_20_fully-correlated.txt | D84: 500 | E84: 1705.0 | F84: 0.00
A85: scenario 1 | B85: fully-correlated | C85: scen_1id_6_objs_700_size_1085_sets_89_k_20_fully-correlated.txt | D85: 700 | E85: 2115.0 | F85: 0.00
A86: scenario 1 | B86: fully-correlated | C86: scen_1id_6_objs_800_size_1240_sets_94_k_18_fully-correlated.txt | D86: 800 | E86: 2306.0 | F86: 0.00
A87: scenario 1 | B87: fully-correlated | C87: scen_1id_7_objs_1000_size_1550_sets_96_k_18_fully-correlated.txt | D87: 1000 | E87: 2654.0 | F87: 0.00
A88: scenario 1 | B88: fully-correlated | C88: scen_1id_7_objs_300_size_465_sets_78_k_20_fully-correlated.txt | D88: 300 | E88: 1236.4 | F88: 0.00
A89: scenario 1 | B89: fully-correlated | C89: scen_1id_7_objs_500_size_775_sets_93_k_20_fully-correlated.txt | D89: 500 | E89: 1.8229286e+16 | F89: 0.00
A90: scenario 1 | B90: fully-correlated | C90: scen_1id_7_objs_700_size_1085_sets_97_k_20_fully-correlated.txt | D90: 700 | E90: 2195.0 | F90: 0.00
A91: scenario 1 | B91: fully-correlated | C91: scen_1id_7_objs_800_size_1240_sets_86_k_18_fully-correlated.txt | D91: 800 | E91: 2233.0 | F91: 0.00
A92: scenario 1 | B92: fully-correlated | C92: scen_1id_8_objs_1000_size_1550_sets_94_k_18_fully-correlated.txt | D92: 1000 | E92: 2.634e+16 | F92: 0.00
A93: scenario 1 | B93: fully-correlated | C93: scen_1id_8_objs_300_size_465_sets_74_k_20_fully-correlated.txt | D93: 300 | E93: 1177.0 | F93: 0.00
A94: scenario 1 | B94: fully-correlated | C94: scen_1id_8_objs_500_size_775_sets_83_k_20_fully-correlated.txt | D94: 500 | E94: 1.721e+16 | F94: 0.00
A95: scenario 1 | B95: fully-correlated | C95: scen_1id_8_objs_700_size_1085_sets_94_k_20_fully-correlated.txt | D95: 700 | E95: 2167.0 | F95: 0.00
A96: scenario 1 | B96: fully-correlated | C96: scen_1id_8_objs_800_size_1240_sets_87_k_18_fully-correlated.txt | D96: 800 | E96: 2254.0 | F96: 0.00
A97: scenario 1 | B97: fully-correlated | C97: scen_1id_9_objs_1000_size_1550_sets_91_k_18_fully-correlated.txt | D97: 1000 | E97: 2604.0 | F97: 0.00
A98: scenario 1 | B98: fully-correlated | C98: scen_1id_9_objs_300_size_465_sets_72_k_20_fully-correlated.txt | D98: 300 | E98: 1.1692941e+16 | F98: 0.00
A99: scenario 1 | B99: fully-correlated | C99: scen_1id_9_objs_500_size_775_sets_78_k_20_fully-correlated.txt | D99: 500 | E99: 1664.0 | F99: 0.00
A100: scenario 1 | B100: fully-correlated | C100: scen_1id_9_objs_700_size_1085_sets_84_k_20_fully-correlated.txt | D100: 700 | E100: 2065.0 | F100: 0.00
...

Sheet Analysis
A1: DP vs Gurobi — Comparison Analysis
A3: 1. OBJECTIVE VALUE CHECK
A4: Total instances compared: | B4: =COUNTA(results_dp!A2:A601) -> 600
A5: Mismatches found: | B5: {=SUMPRODUCT((results_dp!E2:E601<>results_gurobi!E2:E601)*1)} -> 0
A6: Verdict: | B6: =IF(B5=0,"✅ All objective values are identical","⚠️ "&B5&" mismatches found") -> ✅ All objective values are identical
A8: 2. OVERALL RUNTIME COMPARISON
A9: Solver | B9: Mean (s) | C9: Median (s) | D9: Std Dev (s) | E9: Min (s) | F9: Max (s) | G9: N
A10: DP | B10: =AVERAGE(results_dp!F2:F601) -> 3.9850167 | C10: =MEDIAN(results_dp!F2:F601) -> 2.205 | D10: =STDEV(results_dp!F2:F601) -> 4.9130503 | E10: =MIN(results_dp!F2:F601) -> 0.06 | F10: =MAX(results_dp!F2:F601) -> 24.01 | G10: =COUNTA(results_dp!F2:F601) -> 600
A11: Gurobi | B11: =AVERAGE(results_gurobi!F2:F601) -> 0.0089833333 | C11: =MEDIAN(results_gurobi!F2:F601) -> 0.01 | D11: =STDEV(results_gurobi!F2:F601) -> 0.0047085035 | E11: =MIN(results_gurobi!F2:F601) -> 0 | F11: =MAX(results_gurobi!F2:F601) -> 0.05 | G11: =COUNTA(results_gurobi!F2:F601) -> 600
A12: Speedup (DP/Gurobi) | B12: =B10/B11 -> 443.60111 | C12: =C10/C11 -> 220.5
A14: 3. RUNTIME BY SCENARIO
A15: Scenario | B15: Count | C15: DP Mean (s) | D15: DP Median (s) | E15: Gurobi Mean (s) | F15: Gurobi Median (s) | G15: Speedup Mean | H15: Speedup Median
A16: scenario 1 | B16: =COUNTIF(results_dp!A2:A601,A16) -> 150 | C16: =AVERAGEIF(results_dp!A2:A601,A16,results_dp!F2:F601) -> 1.9146 | D16: {=MEDIAN(IF(results_dp!A2:A601=A16,results_dp!F2:F601))} -> 1.65 | E16: =AVERAGEIF(results_gurobi!A2:A601,A16,results_gurobi!F2:F601) -> 0.0097333333 | F16: {=MEDIAN(IF(results_gurobi!A2:A601=A16,results_gurobi!F2:F601))} -> 0.01 | G16: =C16/E16 -> 196.70548 | H16: =D16/F16 -> 165
A17: scenario 2 | B17: =COUNTIF(results_dp!A2:A601,A17) -> 150 | C17: =AVERAGEIF(results_dp!A2:A601,A17,results_dp!F2:F601) -> 3.3066667 | D17: {=MEDIAN(IF(results_dp!A2:A601=A17,results_dp!F2:F601))} -> 3.67 | E17: =AVERAGEIF(results_gurobi!A2:A601,A17,results_gurobi!F2:F601) -> 0.0082 | F17: {=MEDIAN(IF(results_gurobi!A2:A601=A17,results_gurobi!F2:F601))} -> 0.01 | G17: =C17/E17 -> 403.25203 | H17: =D17/F17 -> 367
A18: scenario 3 | B18: =COUNTIF(results_dp!A2:A601,A18) -> 150 | C18: =AVERAGEIF(results_dp!A2:A601,A18,results_dp!F2:F601) -> 3.0452667 | D18: {=MEDIAN(IF(results_dp!A2:A601=A18,results_dp!F2:F601))} -> 2.07 | E18: =AVERAGEIF(results_gurobi!A2:A601,A18,results_gurobi!F2:F601) -> 0.0093333333 | F18: {=MEDIAN(IF(results_gurobi!A2:A601=A18,results_gurobi!F2:F601))} -> 0.01 | G18: =C18/E18 -> 326.27857 | H18: =D18/F18 -> 207
A19: scenario 4 | B19: =COUNTIF(results_dp!A2:A601,A19) -> 150 | C19: =AVERAGEIF(results_dp!A2:A601,A19,results_dp!F2:F601) -> 7.6735333 | D19: {=MEDIAN(IF(results_dp!A2:A601=A19,results_dp!F2:F601))} -> 5.42 | E19: =AVERAGEIF(results_gurobi!A2:A601,A19,results_gurobi!F2:F601) -> 0.0086666667 | F19: {=MEDIAN(IF(results_gurobi!A2:A601=A19,results_gurobi!F2:F601))} -> 0.01 | G19: =C19/E19 -> 885.40769 | H19: =D19/F19 -> 542
A21: 4. RUNTIME BY CORRELATION TYPE
A22: Correlation Type | B22: Count | C22: DP Mean (s) | D22: DP Median (s) | E22: Gurobi Mean (s) | F22: Gurobi Median (s) | G22: Speedup Mean | H22: Speedup Median
A23: correlated | B23: =COUNTIF(results_dp!B2:B601,A23) -> 200 | C23: =AVERAGEIF(results_dp!B2:B601,A23,results_dp!F2:F601) -> 3.9877 | D23: {=MEDIAN(IF(results_dp!B2:B601=A23,results_dp!F2:F601))} -> 2.295 | E23: =AVERAGEIF(results_gurobi!B2:B601,A23,results_gurobi!F2:F601) -> 0.00955 | F23: {=MEDIAN(IF(results_gurobi!B2:B601=A23,results_gurobi!F2:F601))} -> 0.01 | G23: =C23/E23 -> 417.56021 | H23: =D23/F23 -> 229.5
A24: fully-correlated | B24: =COUNTIF(results_dp!B2:B601,A24) -> 200 | C24: =AVERAGEIF(results_dp!B2:B601,A24,results_dp!F2:F601) -> 3.9501 | D24: {=MEDIAN(IF(results_dp!B2:B601=A24,results_dp!F2:F601))} -> 2.14 | E24: =AVERAGEIF(results_gurobi!B2:B601,A24,results_gurobi!F2:F601) -> 0.0091 | F24: {=MEDIAN(IF(results_gurobi!B2:B601=A24,results_gurobi!F2:F601))} -> 0.01 | G24: =C24/E24 -> 434.07692 | H24: =D24/F24 -> 214
A25: not-correlated | B25: =COUNTIF(results_dp!B2:B601,A25) -> 200 | C25: =AVERAGEIF(results_dp!B2:B601,A25,results_dp!F2:F601) -> 4.01725 | D25: {=MEDIAN(IF(results_dp!B2:B601=A25,results_dp!F2:F601))} -> 2.255 | E25: =AVERAGEIF(results_gurobi!B2:B601,A25,results_gurobi!F2:F601) -> 0.0083 | F25: {=MEDIAN(IF(results_gurobi!B2:B601=A25,results_gurobi!F2:F601))} -> 0.01 | G25: =C25/E25 -> 484.00602 | H25: =D25/F25 -> 225.5
A27: 5. RUNTIME BY SCENARIO × CORRELATION TYPE
A29: DP Mean Runtime (s)
B30: correlated | C30: fully-correlated | D30: not-correlated
A31: scenario 1 | B31: =AVERAGEIFS(results_dp!F2:F601,results_dp!A2:A601,A31,results_dp!B2:B601,B30) -> 1.8556 | C31: =AVERAGEIFS(results_dp!F2:F601,results_dp!A2:A601,A31,results_dp!B2:B601,C30) -> 1.945 | D31: =AVERAGEIFS(results_dp!F2:F601,results_dp!A2:A601,A31,results_dp!B2:B601,D30) -> 1.9432
A32: scenario 2 | B32: =AVERAGEIFS(results_dp!F2:F601,results_dp!A2:A601,A32,results_dp!B2:B601,B30) -> 3.2406 | C32: =AVERAGEIFS(results_dp!F2:F601,results_dp!A2:A601,A32,results_dp!B2:B601,C30) -> 3.287 | D32: =AVERAGEIFS(results_dp!F2:F601,results_dp!A2:A601,A32,results_dp!B2:B601,D30) -> 3.3924
A33: scenario 3 | B33: =AVERAGEIFS(results_dp!F2:F601,results_dp!A2:A601,A33,results_dp!B2:B601,B30) -> 3.1104 | C33: =AVERAGEIFS(results_dp!F2:F601,results_dp!A2:A601,A33,results_dp!B2:B601,C30) -> 2.8956 | D33: =AVERAGEIFS(results_dp!F2:F601,results_dp!A2:A601,A33,results_dp!B2:B601,D30) -> 3.1298
A34: scenario 4 | B34: =AVERAGEIFS(results_dp!F2:F601,results_dp!A2:A601,A34,results_dp!B2:B601,B30) -> 7.7442 | C34: =AVERAGEIFS(results_dp!F2:F601,results_dp!A2:A601,A34,results_dp!B2:B601,C30) -> 7.6728 | D34: =AVERAGEIFS(results_dp!F2:F601,results_dp!A2:A601,A34,results_dp!B2:B601,D30) -> 7.6036
A36: Gurobi Mean Runtime (s)
B37: correlated | C37: fully-correlated | D37: not-correlated
A38: scenario 1 | B38: =AVERAGEIFS(results_gurobi!F2:F601,results_gurobi!A2:A601,A38,results_gurobi!B2:B601,B37) -> 0.0104 | C38: =AVERAGEIFS(results_gurobi!F2:F601,results_gurobi!A2:A601,A38,results_gurobi!B2:B601,C37) -> 0.0092 | D38: =AVERAGEIFS(results_gurobi!F2:F601,results_gurobi!A2:A601,A38,results_gurobi!B2:B601,D37) -> 0.0096
A39: scenario 2 | B39: =AVERAGEIFS(results_gurobi!F2:F601,results_gurobi!A2:A601,A39,results_gurobi!B2:B601,B37) -> 0.0088 | C39: =AVERAGEIFS(results_gurobi!F2:F601,results_gurobi!A2:A601,A39,results_gurobi!B2:B601,C37) -> 0.0082 | D39: =AVERAGEIFS(results_gurobi!F2:F601,results_gurobi!A2:A601,A39,results_gurobi!B2:B601,D37) -> 0.0076
A40: scenario 3 | B40: =AVERAGEIFS(results_gurobi!F2:F601,results_gurobi!A2:A601,A40,results_gurobi!B2:B601,B37) -> 0.0098 | C40: =AVERAGEIFS(results_gurobi!F2:F601,results_gurobi!A2:A601,A40,results_gurobi!B2:B601,C37) -> 0.01 | D40: =AVERAGEIFS(results_gurobi!F2:F601,results_gurobi!A2:A601,A40,results_gurobi!B2:B601,D37) -> 0.0082
A41: scenario 4 | B41: =AVERAGEIFS(results_gurobi!F2:F601,results_gurobi!A2:A601,A41,results_gurobi!B2:B601,B37) -> 0.0092 | C41: =AVERAGEIFS(results_gurobi!F2:F601,results_gurobi!A2:A601,A41,results_gurobi!B2:B601,C37) -> 0.009 | D41: =AVERAGEIFS(results_gurobi!F2:F601,results_gurobi!A2:A601,A41,results_gurobi!B2:B601,D37) -> 0.0078
A43: Speedup (DP/Gurobi)
B44: correlated | C44: fully-correlated | D44: not-correlated
A45: scenario 1 | B45: =B31/B38 -> 178.42308 | C45: =C31/C38 -> 211.41304 | D45: =D31/D38 -> 202.41667
A46: scenario 2 | B46: =B32/B39 -> 368.25 | C46: =C32/C39 -> 400.85366 | D46: =D32/D39 -> 446.36842
A47: scenario 3 | B47: =B33/B40 -> 317.38776 | C47: =C33/C40 -> 289.56 | D47: =D33/D40 -> 381.68293
A48: scenario 4 | B48: =B34/B41 -> 841.76087 | C48: =C34/C41 -> 852.53333 | D48: =D34/D41 -> 974.82051
A50: 6. TABLE 3.1: Running time (s) DP algorithm vs Gurobi
A51: Inst. group | C51: Scenario 1 | E51: Scenario 2 | G51: Scenario 3 | I51: Scenario 4 | K51: corr_type_full | L51: s1 | M51: s2 | N51: s3 | O51: s4
A52: Type | B52: n | C52: DP | D52: Gurobi | E52: DP | F52: Gurobi | G52: DP | H52: Gurobi | I52: DP | J52: Gurobi | K52: Helper → | L52: scenario 1 | M52: scenario 2 | N52: scenario 3 | O52: scenario 4
A53: NC | B53: 300 | C53: =AVERAGEIFS(results_dp!$F$2:$F$601,results_dp!$A$2:$A$601,$L$52,results_dp!$B$2:$B$601,$K53,results_dp!$D$2:$D$601,$B53) -> 0.079 | D53: =AVERAGEIFS(results_gurobi!$F$2:$F$601,results_gurobi!$A$2:$A$601,$L$52,results_gurobi!$B$2:$B$601,$K53,results_gurobi!$D$2:$D$601,$B53) -> 0.004 | E53: =AVERAGEIFS(results_dp!$F$2:$F$601,results_dp!$A$2:$A$601,$M$52,results_dp!$B$2:$B$601,$K53,results_dp!$D$2:$D$601,$B53) -> 0.378 | F53: =AVERAGEIFS(results_gurobi!$F$2:$F$601,results_gurobi!$A$2:$A$601,$M$52,results_gurobi!$B$2:$B$601,$K53,results_gurobi!$D$2:$D$601,$B53) -> 0.008 | G53: =AVERAGEIFS(results_dp!$F$2:$F$601,results_dp!$A$2:$A$601,$N$52,results_dp!$B$2:$B$601,$K53,results_dp!$D$2:$D$601,$B53) -> 0.068 | H53: =AVERAGEIFS(results_gurobi!$F$2:$F$601,results_gurobi!$A$2:$A$601,$N$52,results_gurobi!$B$2:$B$601,$K53,results_gurobi!$D$2:$D$601,$B53) -> 0.003 | I53: =AVERAGEIFS(results_dp!$F$2:$F$601,results_dp!$A$2:$A$601,$O$52,results_dp!$B$2:$B$601,$K53,results_dp!$D$2:$D$601,$B53) -> 0.306 | J53: =AVERAGEIFS(results_gurobi!$F$2:$F$601,results_gurobi!$A$2:$A$601,$O$52,results_gurobi!$B$2:$B$601,$K53,results_gurobi!$D$2:$D$601,$B53) -> 0.002 | K53: not-correlated
B54: 500 | C54: =AVERAGEIFS(results_dp!$F$2:$F$601,results_dp!$A$2:$A$601,$L$52,results_dp!$B$2:$B$601,$K54,results_dp!$D$2:$D$601,$B54) -> 0.523 | D54: =AVERAGEIFS(results_gurobi!$F$2:$F$601,results_gurobi!$A$2:$A$601,$L$52,results_gurobi!$B$2:$B$601,$K54,results_gurobi!$D$2:$D$601,$B54) -> 0.01 | E54: =AVERAGEIFS(results_dp!$F$2:$F$601,results_dp!$A$2:$A$601,$M$52,results_dp!$B$2:$B$601,$K54,results_dp!$D$2:$D$601,$B54) -> 1.742 | F54: =AVERAGEIFS(results_gurobi!$F$2:$F$601,results_gurobi!$A$2:$A$601,$M$52,results_gurobi!$B$2:$B$601,$K54,results_gurobi!$D$2:$D$601,$B54) -> 0.008 | G54: =AVERAGEIFS(results_dp!$F$2:$F$601,results_dp!$A$2:$A$601,$N$52,results_dp!$B$2:$B$601,$K54,results_dp!$D$2:$D$601,$B54) -> 0.549 | H54: =AVERAGEIFS(results_gurobi!$F$2:$F$601,results_gurobi!$A$2:$A$601,$N$52,results_gurobi!$B$2:$B$601,$K54,results_gurobi!$D$2:$D$601,$B54) -> 0.008 | I54: =AVERAGEIFS(results_dp!$F$2:$F$601,results_dp!$A$2:$A$601,$O$52,results_dp!$B$2:$B$601,$K54,results_dp!$D$2:$D$601,$B54) -> 1.7 | J54: =AVERAGEIFS(results_gurobi!$F$2:$F$601,results_gurobi!$A$2:$A$601,$O$52,results_gurobi!$B$2:$B$601,$K54,results_gurobi!$D$2:$D$601,$B54) -> 0.008 | K54: not-correlated
B55: 700 | C55: =AVERAGEIFS(results_dp!$F$2:$F$601,results_dp!$A$2:$A$601,$L$52,results_dp!$B$2:$B$601,$K55,results_dp!$D$2:$D$601,$B55) -> 1.669 | D55: =AVERAGEIFS(results_gurobi!$F$2:$F$601,results_gurobi!$A$2:$A$601,$L$52,results_gurobi!$B$2:$B$601,$K55,results_gurobi!$D$2:$D$601,$B55) -> 0.013 | E55: =AVERAGEIFS(results_dp!$F$2:$F$601,results_dp!$A$2:$A$601,$M$52,results_dp!$B$2:$B$601,$K55,results_dp!$D$2:$D$601,$B55) -> 3.775 | F55: =AVERAGEIFS(results_gurobi!$F$2:$F$601,results_gurobi!$A$2:$A$601,$M$52,results_gurobi!$B$2:$B$601,$K55,results_gurobi!$D$2:$D$601,$B55) -> 0.005 | G55: =AVERAGEIFS(results_dp!$F$2:$F$601,results_dp!$A$2:$A$601,$N$52,results_dp!$B$2:$B$601,$K55,results_dp!$D$2:$D$601,$B55) -> 2.175 | H55: =AVERAGEIFS(results_gurobi!$F$2:$F$601,results_gurobi!$A$2:$A$601,$N$52,results_gurobi!$B$2:$B$601,$K55,results_gurobi!$D$2:$D$601,$B55) -> 0.01 | I55: =AVERAGEIFS(results_dp!$F$2:$F$601,results_dp!$A$2:$A$601,$O$52,results_dp!$B$2:$B$601,$K55,results_dp!$D$2:$D$601,$B55) -> 5.201 | J55: =AVERAGEIFS(results_gurobi!$F$2:$F$601,results_gurobi!$A$2:$A$601,$O$52,results_gurobi!$B$2:$B$601,$K55,results_gurobi!$D$2:$D$601,$B55) -> 0.009 | K55: not-correlated
B56: 800 | C56: =AVERAGEIFS(results_dp!$F$2:$F$601,results_dp!$A$2:$A$601,$L$52,results_dp!$B$2:$B$601,$K56,results_dp!$D$2:$D$601,$B56) -> 2.47 | D56: =AVERAGEIFS(results_gurobi!$F$2:$F$601,results_gurobi!$A$2:$A$601,$L$52,results_gurobi!$B$2:$B$601,$K56,results_gurobi!$D$2:$D$601,$B56) -> 0.01 | E56: =AVERAGEIFS(results_dp!$F$2:$F$601,results_dp!$A$2:$A$601,$M$52,results_dp!$B$2:$B$601,$K56,results_dp!$D$2:$D$601,$B56) -> 4.457 | F56: =AVERAGEIFS(results_gurobi!$F$2:$F$601,results_gurobi!$A$2:$A$601,$M$52,results_gurobi!$B$2:$B$601,$K56,results_gurobi!$D$2:$D$601,$B56) -> 0.008 | G56: =AVERAGEIFS(results_dp!$F$2:$F$601,results_dp!$A$2:$A$601,$N$52,results_dp!$B$2:$B$601,$K56,results_dp!$D$2:$D$601,$B56) -> 3.88 | H56: =AVERAGEIFS(results_gurobi!$F$2:$F$601,results_gurobi!$A$2:$A$601,$N$52,results_gurobi!$B$2:$B$601,$K56,results_gurobi!$D$2:$D$601,$B56) -> 0.01 | I56: =AVERAGEIFS(results_dp!$F$2:$F$601,results_dp!$A$2:$A$601,$O$52,results_dp!$B$2:$B$601,$K56,results_dp!$D$2:$D$601,$B56) -> 8.857 | J56: =AVERAGEIFS(results_gurobi!$F$2:$F$601,results_gurobi!$A$2:$A$601,$O$52,results_gurobi!$B$2:$B$601,$K56,results_gurobi!$D$2:$D$601,$B56) -> 0.01 | K56: not-correlated
B57: 1000 | C57: =AVERAGEIFS(results_dp!$F$2:$F$601,results_dp!$A$2:$A$601,$L$52,results_dp!$B$2:$B$601,$K57,results_dp!$D$2:$D$601,$B57) -> 4.975 | D57: =AVERAGEIFS(results_gurobi!$F$2:$F$601,results_gurobi!$A$2:$A$601,$L$52,results_gurobi!$B$2:$B$601,$K57,results_gurobi!$D$2:$D$601,$B57) -> 0.011 | E57: =AVERAGEIFS(results_dp!$F$2:$F$601,results_dp!$A$2:$A$601,$M$52,results_dp!$B$2:$B$601,$K57,results_dp!$D$2:$D$601,$B57) -> 6.61 | F57: =AVERAGEIFS(results_gurobi!$F$2:$F$601,results_gurobi!$A$2:$A$601,$M$52,results_gurobi!$B$2:$B$601,$K57,results_gurobi!$D$2:$D$601,$B57) -> 0.009 | G57: =AVERAGEIFS(results_dp!$F$2:$F$601,results_dp!$A$2:$A$601,$N$52,results_dp!$B$2:$B$601,$K57,results_dp!$D$2:$D$601,$B57) -> 8.977 | H57: =AVERAGEIFS(results_gurobi!$F$2:$F$601,results_gurobi!$A$2:$A$601,$N$52,results_gurobi!$B$2:$B$601,$K57,results_gurobi!$D$2:$D$601,$B57) -> 0.01 | I57: =AVERAGEIFS(results_dp!$F$2:$F$601,results_dp!$A$2:$A$601,$O$52,results_dp!$B$2:$B$601,$K57,results_dp!$D$2:$D$601,$B57) -> 21.954 | J57: =AVERAGEIFS(results_gurobi!$F$2:$F$601,results_gurobi!$A$2:$A$601,$O$52,results_gurobi!$B$2:$B$601,$K57,results_gurobi!$D$2:$D$601,$B57) -> 0.01 | K57: not-correlated
A58: C | B58: 300 | C58: =AVERAGEIFS(results_dp!$F$2:$F$601,results_dp!$A$2:$A$601,$L$52,results_dp!$B$2:$B$601,$K58,results_dp!$D$2:$D$601,$B58) -> 0.073 | D58: =AVERAGEIFS(results_gurobi!$F$2:$F$601,results_gurobi!$A$2:$A$601,$L$52,results_gurobi!$B$2:$B$601,$K58,results_gurobi!$D$2:$D$601,$B58) -> 0.009 | E58: =AVERAGEIFS(results_dp!$F$2:$F$601,results_dp!$A$2:$A$601,$M$52,results_dp!$B$2:$B$601,$K58,results_dp!$D$2:$D$601,$B58) -> 0.366 | F58: =AVERAGEIFS(results_gurobi!$F$2:$F$601,results_gurobi!$A$2:$A$601,$M$52,results_gurobi!$B$2:$B$601,$K58,results_gurobi!$D$2:$D$601,$B58) -> 0.006 | G58: =AVERAGEIFS(results_dp!$F$2:$F$601,results_dp!$A$2:$A$601,$N$52,results_dp!$B$2:$B$601,$K58,results_dp!$D$2:$D$601,$B58) -> 0.068 | H58: =AVERAGEIFS(results_gurobi!$F$2:$F$601,results_gurobi!$A$2:$A$601,$N$52,results_gurobi!$B$2:$B$601,$K58,results_gurobi!$D$2:$D$601,$B58) -> 0.011 | I58: =AVERAGEIFS(results_dp!$F$2:$F$601,results_dp!$A$2:$A$601,$O$52,results_dp!$B$2:$B$601,$K58,results_dp!$D$2:$D$601,$B58) -> 0.291 | J58: =AVERAGEIFS(results_gurobi!$F$2:$F$601,results_gurobi!$A$2:$A$601,$O$52,results_gurobi!$B$2:$B$601,$K58,results_gurobi!$D$2:$D$601,$B58) -> 0.006 | K58: correlated
B59: 500 | C59: =AVERAGEIFS(results_dp!$F$2:$F$601,results_dp!$A$2:$A$601,$L$52,results_dp!$B$2:$B$601,$K59,results_dp!$D$2:$D$601,$B59) -> 0.488 | D59: =AVERAGEIFS(results_gurobi!$F$2:$F$601,results_gurobi!$A$2:$A$601,$L$52,results_gurobi!$B$2:$B$601,$K59,results_gurobi!$D$2:$D$601,$B59) -> 0.009 | E59: =AVERAGEIFS(results_dp!$F$2:$F$601,results_dp!$A$2:$A$601,$M$52,results_dp!$B$2:$B$601,$K59,results_dp!$D$2:$D$601,$B59) -> 1.591 | F59: =AVERAGEIFS(results_gurobi!$F$2:$F$601,results_gurobi!$A$2:$A$601,$M$52,results_gurobi!$B$2:$B$601,$K59,results_gurobi!$D$2:$D$601,$B59) -> 0.008 | G59: =AVERAGEIFS(results_dp!$F$2:$F$601,results_dp!$A$2:$A$601,$N$52,results_dp!$B$2:$B$601,$K59,results_dp!$D$2:$D$601,$B59) -> 0.525 | H59: =AVERAGEIFS(results_gurobi!$F$2:$F$601,results_gurobi!$A$2:$A$601,$N$52,results_gurobi!$B$2:$B$601,$K59,results_gurobi!$D$2:$D$601,$B59) -> 0.008 | I59: =AVERAGEIFS(results_dp!$F$2:$F$601,results_dp!$A$2:$A$601,$O$52,results_dp!$B$2:$B$601,$K59,results_dp!$D$2:$D$601,$B59) -> 1.677 | J59: =AVERAGEIFS(results_gurobi!$F$2:$F$601,results_gurobi!$A$2:$A$601,$O$52,results_gurobi!$B$2:$B$601,$K59,results_gurobi!$D$2:$D$601,$B59) -> 0.01 | K59: correlated
B60: 700 | C60: =AVERAGEIFS(results_dp!$F$2:$F$601,results_dp!$A$2:$A$601,$L$52,results_dp!$B$2:$B$601,$K60,results_dp!$D$2:$D$601,$B60) -> 1.602 | D60: =AVERAGEIFS(results_gurobi!$F$2:$F$601,results_gurobi!$A$2:$A$601,$L$52,results_gurobi!$B$2:$B$601,$K60,results_gurobi!$D$2:$D$601,$B60) -> 0.01 | E60: =AVERAGEIFS(results_dp!$F$2:$F$601,results_dp!$A$2:$A$601,$M$52,results_dp!$B$2:$B$601,$K60,results_dp!$D$2:$D$601,$B60) -> 3.567 | F60: =AVERAGEIFS(results_gurobi!$F$2:$F$601,results_gurobi!$A$2:$A$601,$M$52,results_gurobi!$B$2:$B$601,$K60,results_gurobi!$D$2:$D$601,$B60) -> 0.01 | G60: =AVERAGEIFS(results_dp!$F$2:$F$601,results_dp!$A$2:$A$601,$N$52,results_dp!$B$2:$B$601,$K60,results_dp!$D$2:$D$601,$B60) -> 2.147 | H60: =AVERAGEIFS(results_gurobi!$F$2:$F$601,results_gurobi!$A$2:$A$601,$N$52,results_gurobi!$B$2:$B$601,$K60,results_gurobi!$D$2:$D$601,$B60) -> 0.009 | I60: =AVERAGEIFS(results_dp!$F$2:$F$601,results_dp!$A$2:$A$601,$O$52,results_dp!$B$2:$B$601,$K60,results_dp!$D$2:$D$601,$B60) -> 5.587 | J60: =AVERAGEIFS(results_gurobi!$F$2:$F$601,results_gurobi!$A$2:$A$601,$O$52,results_gurobi!$B$2:$B$601,$K60,results_gurobi!$D$2:$D$601,$B60) -> 0.009 | K60: correlated
B61: 800 | C61: =AVERAGEIFS(results_dp!$F$2:$F$601,results_dp!$A$2:$A$601,$L$52,results_dp!$B$2:$B$601,$K61,results_dp!$D$2:$D$601,$B61) -> 2.364 | D61: =AVERAGEIFS(results_gurobi!$F$2:$F$601,results_gurobi!$A$2:$A$601,$L$52,results_gurobi!$B$2:$B$601,$K61,results_gurobi!$D$2:$D$601,$B61) -> 0.01 | E61: =AVERAGEIFS(results_dp!$F$2:$F$601,results_dp!$A$2:$A$601,$M$52,results_dp!$B$2:$B$601,$K61,results_dp!$D$2:$D$601,$B61) -> 4.255 | F61: =AVERAGEIFS(results_gurobi!$F$2:$F$601,results_gurobi!$A$2:$A$601,$M$52,results_gurobi!$B$2:$B$601,$K61,results_gurobi!$D$2:$D$601,$B61) -> 0.01 | G61: =AVERAGEIFS(results_dp!$F$2:$F$601,results_dp!$A$2:$A$601,$N$52,results_dp!$B$2:$B$601,$K61,results_dp!$D$2:$D$601,$B61) -> 3.617 | H61: =AVERAGEIFS(results_gurobi!$F$2:$F$601,results_gurobi!$A$2:$A$601,$N$52,results_gurobi!$B$2:$B$601,$K61,results_gurobi!$D$2:$D$601,$B61) -> 0.011 | I61: =AVERAGEIFS(results_dp!$F$2:$F$601,results_dp!$A$2:$A$601,$O$52,results_dp!$B$2:$B$601,$K61,results_dp!$D$2:$D$601,$B61) -> 9.18 | J61: =AVERAGEIFS(results_gurobi!$F$2:$F$601,results_gurobi!$A$2:$A$601,$O$52,results_gurobi!$B$2:$B$601,$K61,results_gurobi!$D$2:$D$601,$B61) -> 0.011 | K61: correlated
B62: 1000 | C62: =AVERAGEIFS(results_dp!$F$2:$F$601,results_dp!$A$2:$A$601,$L$52,results_dp!$B$2:$B$601,$K62,results_dp!$D$2:$D$601,$B62) -> 4.751 | D62: =AVERAGEIFS(results_gurobi!$F$2:$F$601,results_gurobi!$A$2:$A$601,$L$52,results_gurobi!$B$2:$B$601,$K62,results_gurobi!$D$2:$D$601,$B62) -> 0.014 | E62: =AVERAGEIFS(results_dp!$F$2:$F$601,results_dp!$A$2:$A$601,$M$52,results_dp!$B$2:$B$601,$K62,results_dp!$D$2:$D$601,$B62) -> 6.424 | F62: =AVERAGEIFS(results_gurobi!$F$2:$F$601,results_gurobi!$A$2:$A$601,$M$52,results_gurobi!$B$2:$B$601,$K62,results_gurobi!$D$2:$D$601,$B62) -> 0.01 | G62: =AVERAGEIFS(results_dp!$F$2:$F$601,results_dp!$A$2:$A$601,$N$52,results_dp!$B$2:$B$601,$K62,results_dp!$D$2:$D$601,$B62) -> 9.195 | H62: =AVERAGEIFS(results_gurobi!$F$2:$F$601,results_gurobi!$A$2:$A$601,$N$52,results_gurobi!$B$2:$B$601,$K62,results_gurobi!$D$2:$D$601,$B62) -> 0.01 | I62: =AVERAGEIFS(results_dp!$F$2:$F$601,results_dp!$A$2:$A$601,$O$52,results_dp!$B$2:$B$601,$K62,results_dp!$D$2:$D$601,$B62) -> 21.986 | J62: =AVERAGEIFS(results_gurobi!$F$2:$F$601,results_gurobi!$A$2:$A$601,$O$52,results_gurobi!$B$2:$B$601,$K62,results_gurobi!$D$2:$D$601,$B62) -> 0.01 | K62: correlated
A63: FC | B63: 300 | C63: =AVERAGEIFS(results_dp!$F$2:$F$601,results_dp!$A$2:$A$601,$L$52,results_dp!$B$2:$B$601,$K63,results_dp!$D$2:$D$601,$B63) -> 0.084 | D63: =AVERAGEIFS(results_gurobi!$F$2:$F$601,results_gurobi!$A$2:$A$601,$L$52,results_gurobi!$B$2:$B$601,$K63,results_gurobi!$D$2:$D$601,$B63) -> 0.006 | E63: =AVERAGEIFS(results_dp!$F$2:$F$601,results_dp!$A$2:$A$601,$M$52,results_dp!$B$2:$B$601,$K63,results_dp!$D$2:$D$601,$B63) -> 0.409 | F63: =AVERAGEIFS(results_gurobi!$F$2:$F$601,results_gurobi!$A$2:$A$601,$M$52,results_gurobi!$B$2:$B$601,$K63,results_gurobi!$D$2:$D$601,$B63) -> 0.005 | G63: =AVERAGEIFS(results_dp!$F$2:$F$601,results_dp!$A$2:$A$601,$N$52,results_dp!$B$2:$B$601,$K63,results_dp!$D$2:$D$601,$B63) -> 0.068 | H63: =AVERAGEIFS(results_gurobi!$F$2:$F$601,results_gurobi!$A$2:$A$601,$N$52,results_gurobi!$B$2:$B$601,$K63,results_gurobi!$D$2:$D$601,$B63) -> 0.009 | I63: =AVERAGEIFS(results_dp!$F$2:$F$601,results_dp!$A$2:$A$601,$O$52,results_dp!$B$2:$B$601,$K63,results_dp!$D$2:$D$601,$B63) -> 0.293 | J63: =AVERAGEIFS(results_gurobi!$F$2:$F$601,results_gurobi!$A$2:$A$601,$O$52,results_gurobi!$B$2:$B$601,$K63,results_gurobi!$D$2:$D$601,$B63) -> 0.006 | K63: fully-correlated
B64: 500 | C64: =AVERAGEIFS(results_dp!$F$2:$F$601,results_dp!$A$2:$A$601,$L$52,results_dp!$B$2:$B$601,$K64,results_dp!$D$2:$D$601,$B64) -> 0.505 | D64: =AVERAGEIFS(results_gurobi!$F$2:$F$601,results_gurobi!$A$2:$A$601,$L$52,results_gurobi!$B$2:$B$601,$K64,results_gurobi!$D$2:$D$601,$B64) -> 0.01 | E64: =AVERAGEIFS(results_dp!$F$2:$F$601,results_dp!$A$2:$A$601,$M$52,results_dp!$B$2:$B$601,$K64,results_dp!$D$2:$D$601,$B64) -> 1.645 | F64: =AVERAGEIFS(results_gurobi!$F$2:$F$601,results_gurobi!$A$2:$A$601,$M$52,results_gurobi!$B$2:$B$601,$K64,results_gurobi!$D$2:$D$601,$B64) -> 0.007 | G64: =AVERAGEIFS(results_dp!$F$2:$F$601,results_dp!$A$2:$A$601,$N$52,results_dp!$B$2:$B$601,$K64,results_dp!$D$2:$D$601,$B64) -> 0.484 | H64: =AVERAGEIFS(results_gurobi!$F$2:$F$601,results_gurobi!$A$2:$A$601,$N$52,results_gurobi!$B$2:$B$601,$K64,results_gurobi!$D$2:$D$601,$B64) -> 0.008 | I64: =AVERAGEIFS(results_dp!$F$2:$F$601,results_dp!$A$2:$A$601,$O$52,results_dp!$B$2:$B$601,$K64,results_dp!$D$2:$D$601,$B64) -> 1.785 | J64: =AVERAGEIFS(results_gurobi!$F$2:$F$601,results_gurobi!$A$2:$A$601,$O$52,results_gurobi!$B$2:$B$601,$K64,results_gurobi!$D$2:$D$601,$B64) -> 0.008 | K64: fully-correlated
B65: 700 | C65: =AVERAGEIFS(results_dp!$F$2:$F$601,results_dp!$A$2:$A$601,$L$52,results_dp!$B$2:$B$601,$K65,results_dp!$D$2:$D$601,$B65) -> 1.68 | D65: =AVERAGEIFS(results_gurobi!$F$2:$F$601,results_gurobi!$A$2:$A$601,$L$52,results_gurobi!$B$2:$B$601,$K65,results_gurobi!$D$2:$D$601,$B65) -> 0.01 | E65: =AVERAGEIFS(results_dp!$F$2:$F$601,results_dp!$A$2:$A$601,$M$52,results_dp!$B$2:$B$601,$K65,results_dp!$D$2:$D$601,$B65) -> 3.666 | F65: =AVERAGEIFS(results_gurobi!$F$2:$F$601,results_gurobi!$A$2:$A$601,$M$52,results_gurobi!$B$2:$B$601,$K65,results_gurobi!$D$2:$D$601,$B65) -> 0.009 | G65: =AVERAGEIFS(results_dp!$F$2:$F$601,results_dp!$A$2:$A$601,$N$52,results_dp!$B$2:$B$601,$K65,results_dp!$D$2:$D$601,$B65) -> 2.018 | H65: =AVERAGEIFS(results_gurobi!$F$2:$F$601,results_gurobi!$A$2:$A$601,$N$52,results_gurobi!$B$2:$B$601,$K65,results_gurobi!$D$2:$D$601,$B65) -> 0.01 | I65: =AVERAGEIFS(results_dp!$F$2:$F$601,results_dp!$A$2:$A$601,$O$52,results_dp!$B$2:$B$601,$K65,results_dp!$D$2:$D$601,$B65) -> 5.789 | J65: =AVERAGEIFS(results_gurobi!$F$2:$F$601,results_gurobi!$A$2:$A$601,$O$52,results_gurobi!$B$2:$B$601,$K65,results_gurobi!$D$2:$D$601,$B65) -> 0.008 | K65: fully-correlated
B66: 800 | C66: =AVERAGEIFS(results_dp!$F$2:$F$601,results_dp!$A$2:$A$601,$L$52,results_dp!$B$2:$B$601,$K66,results_dp!$D$2:$D$601,$B66) -> 2.543 | D66: =AVERAGEIFS(results_gurobi!$F$2:$F$601,results_gurobi!$A$2:$A$601,$L$52,results_gurobi!$B$2:$B$601,$K66,results_gurobi!$D$2:$D$601,$B66) -> 0.01 | E66: =AVERAGEIFS(results_dp!$F$2:$F$601,results_dp!$A$2:$A$601,$M$52,results_dp!$B$2:$B$601,$K66,results_dp!$D$2:$D$601,$B66) -> 4.262 | F66: =AVERAGEIFS(results_gurobi!$F$2:$F$601,results_gurobi!$A$2:$A$601,$M$52,results_gurobi!$B$2:$B$601,$K66,results_gurobi!$D$2:$D$601,$B66) -> 0.01 | G66: =AVERAGEIFS(results_dp!$F$2:$F$601,results_dp!$A$2:$A$601,$N$52,results_dp!$B$2:$B$601,$K66,results_dp!$D$2:$D$601,$B66) -> 3.637 | H66: =AVERAGEIFS(results_gurobi!$F$2:$F$601,results_gurobi!$A$2:$A$601,$N$52,results_gurobi!$B$2:$B$601,$K66,results_gurobi!$D$2:$D$601,$B66) -> 0.012 | I66: =AVERAGEIFS(results_dp!$F$2:$F$601,results_dp!$A$2:$A$601,$O$52,results_dp!$B$2:$B$601,$K66,results_dp!$D$2:$D$601,$B66) -> 9.141 | J66: =AVERAGEIFS(results_gurobi!$F$2:$F$601,results_gurobi!$A$2:$A$601,$O$52,results_gurobi!$B$2:$B$601,$K66,results_gurobi!$D$2:$D$601,$B66) -> 0.01 | K66: fully-correlated
B67: 1000 | C67: =AVERAGEIFS(results_dp!$F$2:$F$601,results_dp!$A$2:$A$601,$L$52,results_dp!$B$2:$B$601,$K67,results_dp!$D$2:$D$601,$B67) -> 4.913 | D67: =AVERAGEIFS(results_gurobi!$F$2:$F$601,results_gurobi!$A$2:$A$601,$L$52,results_gurobi!$B$2:$B$601,$K67,results_gurobi!$D$2:$D$601,$B67) -> 0.01 | E67: =AVERAGEIFS(results_dp!$F$2:$F$601,results_dp!$A$2:$A$601,$M$52,results_dp!$B$2:$B$601,$K67,results_dp!$D$2:$D$601,$B67) -> 6.453 | F67: =AVERAGEIFS(results_gurobi!$F$2:$F$601,results_gurobi!$A$2:$A$601,$M$52,results_gurobi!$B$2:$B$601,$K67,results_gurobi!$D$2:$D$601,$B67) -> 0.01 | G67: =AVERAGEIFS(results_dp!$F$2:$F$601,results_dp!$A$2:$A$601,$N$52,results_dp!$B$2:$B$601,$K67,results_dp!$D$2:$D$601,$B67) -> 8.271 | H67: =AVERAGEIFS(results_gurobi!$F$2:$F$601,results_gurobi!$A$2:$A$601,$N$52,results_gurobi!$B$2:$B$601,$K67,results_gurobi!$D$2:$D$601,$B67) -> 0.011 | I67: =AVERAGEIFS(results_dp!$F$2:$F$601,results_dp!$A$2:$A$601,$O$52,results_dp!$B$2:$B$601,$K67,results_dp!$D$2:$D$601,$B67) -> 21.356 | J67: =AVERAGEIFS(results_gurobi!$F$2:$F$601,results_gurobi!$A$2:$A$601,$O$52,results_gurobi!$B$2:$B$601,$K67,results_gurobi!$D$2:$D$601,$B67) -> 0.013 | K67: fully-correlated
