Workbook

Sheet heur_norm_A
A1: scenario | B1: p_overlap | C1: corr_type | D1: instance_file | E1: n | F1: k | G1: violations | H1: new_sets | I1: obj_disjoint | J1: obj_overlap | K1: runtime_dp | L1: time_A | M1: time_bellman | N1: obj_gurobi | O1: violations_gurobi | P1: runtime_gurobi
A2: scenario 1 | B2: p_20 | C2: correlated | D2: scen_1id_10_objs_1000_size_1550_sets_89_k_18_overlap_20_correlated.txt | E2: 1000 | F2: 18 | G2: 4 | H2: 206 | I2: 422 | J2: 429 | K2: 2.28 | L2: 0.15 | M2: 2.11 | N2: 2602 | O2: 18 | P2: 0.01
A3: scenario 1 | B3: p_20 | C3: correlated | D3: scen_1id_1_objs_1000_size_1550_sets_89_k_18_overlap_20_correlated.txt | E3: 1000 | F3: 18 | G3: 2 | H3: 196 | I3: 372 | J3: 385 | K3: 2.32 | L3: 0.15 | M3: 2.14 | N3: 2602 | O3: 18 | P3: 0.02
A4: scenario 1 | B4: p_20 | C4: correlated | D4: scen_1id_2_objs_1000_size_1550_sets_96_k_18_overlap_20_correlated.txt | E4: 1000 | F4: 18 | G4: 4 | H4: 208 | I4: 340 | J4: 350 | K4: 2.06 | L4: 0.15 | M4: 1.88 | N4: 2662 | O4: 18 | P4: 0.02
A5: scenario 1 | B5: p_20 | C5: fully-correlated | D5: scen_1id_10_objs_1000_size_1550_sets_96_k_18_overlap_20_fully-correlated.txt | E5: 1000 | F5: 18 | G5: 4 | H5: 198 | I5: 408 | J5: 420 | K5: 2.05 | L5: 0.14 | M5: 1.87 | N5: 2644 | O5: 18 | P5: 0.01
A6: scenario 1 | B6: p_20 | C6: fully-correlated | D6: scen_1id_1_objs_1000_size_1550_sets_88_k_18_overlap_20_fully-correlated.txt | E6: 1000 | F6: 18 | G6: 2 | H6: 174 | I6: 447 | J6: 466 | K6: 2.39 | L6: 0.16 | M6: 2.2 | N6: 2574 | O6: 18 | P6: 0.02
A7: scenario 1 | B7: p_20 | C7: fully-correlated | D7: scen_1id_2_objs_1000_size_1550_sets_85_k_18_overlap_20_fully-correlated.txt | E7: 1000 | F7: 18 | G7: 3 | H7: 178 | I7: 336 | J7: 349 | K7: 2.63 | L7: 0.16 | M7: 2.43 | N7: 2544 | O7: 18 | P7: 0.01
A8: scenario 1 | B8: p_20 | C8: not-correlated | D8: scen_1id_10_objs_1000_size_1550_sets_93_k_18_overlap_20_not-correlated.txt | E8: 1000 | F8: 18 | G8: 3 | H8: 183 | I8: 273 | J8: 283 | K8: 2.91 | L8: 0.16 | M8: 2.7 | N8: 2895 | O8: 18 | P8: 0.03
A9: scenario 1 | B9: p_20 | C9: not-correlated | D9: scen_1id_1_objs_1000_size_1550_sets_89_k_18_overlap_20_not-correlated.txt | E9: 1000 | F9: 18 | G9: 1 | H9: 196 | I9: 269 | J9: 284 | K9: 2.66 | L9: 0.16 | M9: 2.45 | N9: 2810 | O9: 18 | P9: 0.01
A10: scenario 1 | B10: p_20 | C10: not-correlated | D10: scen_1id_2_objs_1000_size_1550_sets_87_k_18_overlap_20_not-correlated.txt | E10: 1000 | F10: 18 | G10: 2 | H10: 166 | I10: 246 | J10: 259 | K10: 2.95 | L10: 0.17 | M10: 2.74 | N10: 2688 | O10: 18 | P10: 0.01
A11: scenario 2 | B11: p_20 | C11: correlated | D11: scen_2id_10_objs_1000_size_1550_sets_36_k_18_overlap_20_correlated.txt | E11: 1000 | F11: 18 | G11: 5 | H11: 167 | I11: 335 | J11: 344 | K11: 3.12 | L11: 0.27 | M11: 2.82 | N11: 2030 | O11: 18 | P11: 0.01
A12: scenario 2 | B12: p_20 | C12: correlated | D12: scen_2id_1_objs_1000_size_1550_sets_40_k_18_overlap_20_correlated.txt | E12: 1000 | F12: 18 | G12: 4 | H12: 176 | I12: 331 | J12: 344 | K12: 2.9 | L12: 0.21 | M12: 2.65 | N12: 2105 | O12: 18 | P12: 0.02
A13: scenario 2 | B13: p_20 | C13: correlated | D13: scen_2id_2_objs_1000_size_1550_sets_42_k_18_overlap_20_correlated.txt | E13: 1000 | F13: 18 | G13: 6 | H13: 168 | I13: 332 | J13: 338 | K13: 2.69 | L13: 0.21 | M13: 2.44 | N13: 2111 | O13: 18 | P13: 0.02
... A37: scenario 4 | B37: p_20 | C37: not-correlated | D37: scen_4id_2_objs_1000_size_1550_sets_36_k_67_overlap_20_not-correlated.txt | E37: 1000 | F37: 67 | G37: 29 | H37: 172 | I37: 4600 | J37: 4333 | K37: 2.46 | L37: 0.2 | M37: 2.23 | N37: 4760 | O37: 21 | P37: 0.01

Sheet heur_A_greedy
A1: scenario | B1: p_overlap | C1: corr_type | D1: instance_file | E1: n | F1: k | G1: violations | H1: new_sets | I1: obj_disjoint | J1: obj_overlap | K1: runtime_dp | L1: time_A | M1: time_bellman | N1: obj_gurobi | O1: violations_gurobi | P1: runtime_gurobi
A2: scenario 1 | B2: p_20 | C2: correlated | D2: scen_1id_10_objs_1000_size_1550_sets_89_k_18_overlap_20_correlated.txt | E2: 1000 | F2: 18 | G2: 0 | H2: 206 | I2: 353 | J2: 128 | K2: 0.26 | L2: 0.04 | M2: 0.18 | N2: 2602 | O2: 18 | P2: 0.02
A3: scenario 1 | B3: p_20 | C3: correlated | D3: scen_1id_1_objs_1000_size_1550_sets_89_k_18_overlap_20_correlated.txt | E3: 1000 | F3: 18 | G3: 3 | H3: 196 | I3: 289 | J3: 339 | K3: 0.22 | L3: 0.02 | M3: 0.16 | N3: 2602 | O3: 18 | P3: 0.02
A4: scenario 1 | B4: p_20 | C4: correlated | D4: scen_1id_2_objs_1000_size_1550_sets_96_k_18_overlap_20_correlated.txt | E4: 1000 | F4: 18 | G4: 2 | H4: 208 | I4: 276 | J4: 220 | K4: 0.21 | L4: 0.03 | M4: 0.15 | N4: 2662 | O4: 18 | P4: 0.01
A5: scenario 1 | B5: p_20 | C5: fully-correlated | D5: scen_1id_10_objs_1000_size_1550_sets_96_k_18_overlap_20_fully-correlated.txt | E5: 1000 | F5: 18 | G5: 4 | H5: 198 | I5: 314 | J5: 360 | K5: 0.27 | L5: 0.06 | M5: 0.17 | N5: 2644 | O5: 18 | P5: 0.01
A6: scenario 1 | B6: p_20 | C6: fully-correlated | D6: scen_1id_1_objs_1000_size_1550_sets_88_k_18_overlap_20_fully-correlated.txt | E6: 1000 | F6: 18 | G6: 2 | H6: 174 | I6: 333 | J6: 387 | K6: 0.18 | L6: 0.02 | M6: 0.13 | N6: 2574 | O6: 18 | P6: 0.01
A7: scenario 1 | B7: p_20 | C7: fully-correlated | D7: scen_1id_2_objs_1000_size_1550_sets_85_k_18_overlap_20_fully-correlated.txt | E7: 1000 | F7: 18 | G7: 1 | H7: 178 | I7: 293 | J7: 348 | K7: 0.19 | L7: 0.03 | M7: 0.13 | N7: 2544 | O7: 18 | P7: 0.01
A8: scenario 1 | B8: p_20 | C8: not-correlated | D8: scen_1id_10_objs_1000_size_1550_sets_93_k_18_overlap_20_not-correlated.txt | E8: 1000 | F8: 18 | G8: 1 | H8: 183 | I8: 251 | J8: 270 | K8: 0.19 | L8: 0.02 | M8: 0.13 | N8: 2895 | O8: 18 | P8: 0.02
A9: scenario 1 | B9: p_20 | C9: not-correlated | D9: scen_1id_1_objs_1000_size_1550_sets_89_k_18_overlap_20_not-correlated.txt | E9: 1000 | F9: 18 | G9: 1 | H9: 196 | I9: 243 | J9: 210 | K9: 0.21 | L9: 0.02 | M9: 0.15 | N9: 2810 | O9: 18 | P9: 0.01
A10: scenario 1 | B10: p_20 | C10: not-correlated | D10: scen_1id_2_objs_1000_size_1550_sets_87_k_18_overlap_20_not-correlated.txt | E10: 1000 | F10: 18 | G10: 2 | H10: 166 | I10: 237 | J10: 227 | K10: 0.22 | L10: 0.04 | M10: 0.14 | N10: 2688 | O10: 18 | P10: 0.01
A11: scenario 2 | B11: p_20 | C11: correlated | D11: scen_2id_10_objs_1000_size_1550_sets_36_k_18_overlap_20_correlated.txt | E11: 1000 | F11: 18 | G11: 6 | H11: 167 | I11: 243 | J11: 277 | K11: 0.16 | L11: 0.03 | M11: 0.11 | N11: 2030 | O11: 18 | P11: 0.01
A12: scenario 2 | B12: p_20 | C12: correlated | D12: scen_2id_1_objs_1000_size_1550_sets_40_k_18_overlap_20_correlated.txt | E12: 1000 | F12: 18 | G12: 7 | H12: 176 | I12: 236 | J12: 290 | K12: 0.2 | L12: 0.03 | M12: 0.14 | N12: 2105 | O12: 18 | P12: 0.02
A13: scenario 2 | B13: p_20 | C13: correlated | D13: scen_2id_2_objs_1000_size_1550_sets_42_k_18_overlap_20_correlated.txt | E13: 1000 | F13: 18 | G13: 5 | H13: 168 | I13: 264 | J13: 297 | K13: 0.15 | L13: 0.01 | M13: 0.11 | N13: 2111 | O13: 18 | P13: 0.01
... A37: scenario 4 | B37: p_20 | C37: not-correlated | D37: scen_4id_2_objs_1000_size_1550_sets_36_k_67_overlap_20_not-correlated.txt | E37: 1000 | F37: 67 | G37: 19 | H37: 172 | I37: 4505 | J37: 1907 | K37: 0.09 | L37: 0.02 | M37: 0.05 | N37: 4760 | O37: 21 | P37: 0.01

Sheet heur_A_dp
A1: scenario | B1: p_overlap | C1: corr_type | D1: instance_file | E1: n | F1: k | G1: violations | H1: new_sets | I1: obj_disjoint | J1: obj_overlap | K1: runtime_dp | L1: time_A | M1: time_bellman | N1: obj_gurobi | O1: violations_gurobi | P1: runtime_gurobi
A2: scenario 1 | B2: p_20 | C2: correlated | D2: scen_1id_10_objs_1000_size_1550_sets_89_k_18_overlap_20_correlated.txt | E2: 1000 | F2: 18 | G2: 7 | H2: 206 | I2: 353 | J2: 357 | K2: 1.32 | L2: 0.05 | M2: 1.23 | N2: 2602 | O2: 18 | P2: 0.02
A3: scenario 1 | B3: p_20 | C3: correlated | D3: scen_1id_1_objs_1000_size_1550_sets_89_k_18_overlap_20_correlated.txt | E3: 1000 | F3: 18 | G3: 3 | H3: 196 | I3: 289 | J3: 339 | K3: 1.44 | L3: 0.05 | M3: 1.35 | N3: 2602 | O3: 18 | P3: 0.02
A4: scenario 1 | B4: p_20 | C4: correlated | D4: scen_1id_2_objs_1000_size_1550_sets_96_k_18_overlap_20_correlated.txt | E4: 1000 | F4: 18 | G4: 5 | H4: 208 | I4: 276 | J4: 289 | K4: 1.63 | L4: 0.05 | M4: 1.53 | N4: 2662 | O4: 18 | P4: 0.01
A5: scenario 1 | B5: p_20 | C5: fully-correlated | D5: scen_1id_10_objs_1000_size_1550_sets_96_k_18_overlap_20_fully-correlated.txt | E5: 1000 | F5: 18 | G5: 4 | H5: 198 | I5: 314 | J5: 360 | K5: 1.82 | L5: 0.05 | M5: 1.73 | N5: 2644 | O5: 18 | P5: 0.02
A6: scenario 1 | B6: p_20 | C6: fully-correlated | D6: scen_1id_1_objs_1000_size_1550_sets_88_k_18_overlap_20_fully-correlated.txt | E6: 1000 | F6: 18 | G6: 2 | H6: 174 | I6: 333 | J6: 387 | K6: 1.32 | L6: 0.04 | M6: 1.23 | N6: 2574 | O6: 18 | P6: 0.02
A7: scenario 1 | B7: p_20 | C7: fully-correlated | D7: scen_1id_2_objs_1000_size_1550_sets_85_k_18_overlap_20_fully-correlated.txt | E7: 1000 | F7: 18 | G7: 1 | H7: 178 | I7: 293 | J7: 348 | K7: 1.73 | L7: 0.05 | M7: 1.63 | N7: 2544 | O7: 18 | P7: 0.01
A8: scenario 1 | B8: p_20 | C8: not-correlated | D8: scen_1id_10_objs_1000_size_1550_sets_93_k_18_overlap_20_not-correlated.txt | E8: 1000 | F8: 18 | G8: 1 | H8: 183 | I8: 251 | J8: 270 | K8: 1.45 | L8: 0.05 | M8: 1.37 | N8: 2895 | O8: 18 | P8: 0.02
A9: scenario 1 | B9: p_20 | C9: not-correlated | D9: scen_1id_1_objs_1000_size_1550_sets_89_k_18_overlap_20_not-correlated.txt | E9: 1000 | F9: 18 | G9: 3 | H9: 196 | I9: 243 | J9: 254 | K9: 1.81 | L9: 0.06 | M9: 1.71 | N9: 2810 | O9: 18 | P9: 0.01
A10: scenario 1 | B10: p_20 | C10: not-correlated | D10: scen_1id_2_objs_1000_size_1550_sets_87_k_18_overlap_20_not-correlated.txt | E10: 1000 | F10: 18 | G10: 3 | H10: 166 | I10: 237 | J10: 253 | K10: 1.9 | L10: 0.04 | M10: 1.82 | N10: 2688 | O10: 18 | P10: 0.01
A11: scenario 2 | B11: p_20 | C11: correlated | D11: scen_2id_10_objs_1000_size_1550_sets_36_k_18_overlap_20_correlated.txt | E11: 1000 | F11: 18 | G11: 7 | H11: 167 | I11: 243 | J11: 300 | K11: 1.11 | L11: 0.04 | M11: 1.03 | N11: 2030 | O11: 18 | P11: 0.01
A12: scenario 2 | B12: p_20 | C12: correlated | D12: scen_2id_1_objs_1000_size_1550_sets_40_k_18_overlap_20_correlated.txt | E12: 1000 | F12: 18 | G12: 7 | H12: 176 | I12: 236 | J12: 290 | K12: 1.1 | L12: 0.05 | M12: 1.02 | N12: 2105 | O12: 18 | P12: 0.02
A13: scenario 2 | B13: p_20 | C13: correlated | D13: scen_2id_2_objs_1000_size_1550_sets_42_k_18_overlap_20_correlated.txt | E13: 1000 | F13: 18 | G13: 5 | H13: 168 | I13: 264 | J13: 297 | K13: 0.8 | L13: 0.04 | M13: 0.72 | N13: 2111 | O13: 18 | P13: 0.01
... A37: scenario 4 | B37: p_20 | C37: not-correlated | D37: scen_4id_2_objs_1000_size_1550_sets_36_k_67_overlap_20_not-correlated.txt | E37: 1000 | F37: 67 | G37: 34 | H37: 172 | I37: 4505 | J37: 4169 | K37: 1.17 | L37: 0.06 | M37: 1.07 | N37: 4760 | O37: 21 | P37: 0.01

Sheet Analysis
A1: Scenario 3 & 4 — Heuristic Performance Analysis
A2: Runtime & Solution Quality Comparison across heur_norm_A, heur_A_greedy, heur_A_dp
A4: 1. RUNTIME ANALYSIS (seconds)
C5: heur_norm_A | F5: heur_A_greedy | I5: heur_A_dp | L5: Gurobi
A6: Scenario | B6: Correlation | C6: Avg runtime_dp | D6: Avg time_A | E6: Avg time_bellman | F6: Avg runtime_dp | G6: Avg time_A | H6: Avg time_bellman | I6: Avg runtime_dp | J6: Avg time_A | K6: Avg time_bellman | L6: Avg runtime
A7: Scenario 3 | B7: correlated | C7: =AVERAGEIFS(heur_norm_A!K:K,heur_norm_A!A:A,A7,heur_norm_A!C:C,B7) -> 2.3833333 | D7: =AVERAGEIFS(heur_norm_A!L:L,heur_norm_A!A:A,A7,heur_norm_A!C:C,B7) -> 0.18333333 | E7: =AVERAGEIFS(heur_norm_A!M:M,heur_norm_A!A:A,A7,heur_norm_A!C:C,B7) -> 2.1433333 | F7: =AVERAGEIFS(heur_A_greedy!K:K,heur_A_greedy!A:A,A7,heur_A_greedy!C:C,B7) -> 0.16 | G7: =AVERAGEIFS(heur_A_greedy!L:L,heur_A_greedy!A:A,A7,heur_A_greedy!C:C,B7) -> 0.02 | H7: =AVERAGEIFS(heur_A_greedy!M:M,heur_A_greedy!A:A,A7,heur_A_greedy!C:C,B7) -> 0.10333333 | I7: =AVERAGEIFS(heur_A_dp!K:K,heur_A_dp!A:A,A7,heur_A_dp!C:C,B7) -> 1.78 | J7: =AVERAGEIFS(heur_A_dp!L:L,heur_A_dp!A:A,A7,heur_A_dp!C:C,B7) -> 0.05 | K7: =AVERAGEIFS(heur_A_dp!M:M,heur_A_dp!A:A,A7,heur_A_dp!C:C,B7) -> 1.6933333 | L7: =AVERAGEIFS(heur_norm_A!P:P,heur_norm_A!A:A,A7,heur_norm_A!C:C,B7) -> 0.02
A8: Scenario 3 | B8: fully-correlated | C8: =AVERAGEIFS(heur_norm_A!K:K,heur_norm_A!A:A,A8,heur_norm_A!C:C,B8) -> 1.9366667 | D8: =AVERAGEIFS(heur_norm_A!L:L,heur_norm_A!A:A,A8,heur_norm_A!C:C,B8) -> 0.14666667 | E8: =AVERAGEIFS(heur_norm_A!M:M,heur_norm_A!A:A,A8,heur_norm_A!C:C,B8) -> 1.7433333 | F8: =AVERAGEIFS(heur_A_greedy!K:K,heur_A_greedy!A:A,A8,heur_A_greedy!C:C,B8) -> 0.15333333 | G8: =AVERAGEIFS(heur_A_greedy!L:L,heur_A_greedy!A:A,A8,heur_A_greedy!C:C,B8) -> 0.023333333 | H8: =AVERAGEIFS(heur_A_greedy!M:M,heur_A_greedy!A:A,A8,heur_A_greedy!C:C,B8) -> 0.093333333 | I8: =AVERAGEIFS(heur_A_dp!K:K,heur_A_dp!A:A,A8,heur_A_dp!C:C,B8) -> 1.68 | J8: =AVERAGEIFS(heur_A_dp!L:L,heur_A_dp!A:A,A8,heur_A_dp!C:C,B8) -> 0.046666667 | K8: =AVERAGEIFS(heur_A_dp!M:M,heur_A_dp!A:A,A8,heur_A_dp!C:C,B8) -> 1.5866667 | L8: =AVERAGEIFS(heur_norm_A!P:P,heur_norm_A!A:A,A8,heur_norm_A!C:C,B8) -> 0.01
A9: Scenario 3 | B9: not-correlated | C9: =AVERAGEIFS(heur_norm_A!K:K,heur_norm_A!A:A,A9,heur_norm_A!C:C,B9) -> 1.91 | D9: =AVERAGEIFS(heur_norm_A!L:L,heur_norm_A!A:A,A9,heur_norm_A!C:C,B9) -> 0.15333333 | E9: =AVERAGEIFS(heur_norm_A!M:M,heur_norm_A!A:A,A9,heur_norm_A!C:C,B9) -> 1.7166667 | F9: =AVERAGEIFS(heur_A_greedy!K:K,heur_A_greedy!A:A,A9,heur_A_greedy!C:C,B9) -> 0.14666667 | G9: =AVERAGEIFS(heur_A_greedy!L:L,heur_A_greedy!A:A,A9,heur_A_greedy!C:C,B9) -> 0.023333333 | H9: =AVERAGEIFS(heur_A_greedy!M:M,heur_A_greedy!A:A,A9,heur_A_greedy!C:C,B9) -> 0.093333333 | I9: =AVERAGEIFS(heur_A_dp!K:K,heur_A_dp!A:A,A9,heur_A_dp!C:C,B9) -> 1.8066667 | J9: =AVERAGEIFS(heur_A_dp!L:L,heur_A_dp!A:A,A9,heur_A_dp!C:C,B9) -> 0.05 | K9: =AVERAGEIFS(heur_A_dp!M:M,heur_A_dp!A:A,A9,heur_A_dp!C:C,B9) -> 1.7233333 | L9: =AVERAGEIFS(heur_norm_A!P:P,heur_norm_A!A:A,A9,heur_norm_A!C:C,B9) -> 0.013333333
A10: Scenario 4 | B10: correlated | C10: =AVERAGEIFS(heur_norm_A!K:K,heur_norm_A!A:A,A10,heur_norm_A!C:C,B10) -> 2.4266667 | D10: =AVERAGEIFS(heur_norm_A!L:L,heur_norm_A!A:A,A10,heur_norm_A!C:C,B10) -> 0.2 | E10: =AVERAGEIFS(heur_norm_A!M:M,heur_norm_A!A:A,A10,heur_norm_A!C:C,B10) -> 2.1833333 | F10: =AVERAGEIFS(heur_A_greedy!K:K,heur_A_greedy!A:A,A10,heur_A_greedy!C:C,B10) -> 0.11 | G10: =AVERAGEIFS(heur_A_greedy!L:L,heur_A_greedy!A:A,A10,heur_A_greedy!C:C,B10) -> 0.016666667 | H10: =AVERAGEIFS(heur_A_greedy!M:M,heur_A_greedy!A:A,A10,heur_A_greedy!C:C,B10) -> 0.07 | I10: =AVERAGEIFS(heur_A_dp!K:K,heur_A_dp!A:A,A10,heur_A_dp!C:C,B10) -> 1.0366667 | J10: =AVERAGEIFS(heur_A_dp!L:L,heur_A_dp!A:A,A10,heur_A_dp!C:C,B10) -> 0.036666667 | K10: =AVERAGEIFS(heur_A_dp!M:M,heur_A_dp!A:A,A10,heur_A_dp!C:C,B10) -> 0.97 | L10: =AVERAGEIFS(heur_norm_A!P:P,heur_norm_A!A:A,A10,heur_norm_A!C:C,B10) -> 0.023333333
A11: Scenario 4 | B11: fully-correlated | C11: =AVERAGEIFS(heur_norm_A!K:K,heur_norm_A!A:A,A11,heur_norm_A!C:C,B11) -> 2.6433333 | D11: =AVERAGEIFS(heur_norm_A!L:L,heur_norm_A!A:A,A11,heur_norm_A!C:C,B11) -> 0.20666667 | E11: =AVERAGEIFS(heur_norm_A!M:M,heur_norm_A!A:A,A11,heur_norm_A!C:C,B11) -> 2.4066667 | F11: =AVERAGEIFS(heur_A_greedy!K:K,heur_A_greedy!A:A,A11,heur_A_greedy!C:C,B11) -> 0.10333333 | G11: =AVERAGEIFS(heur_A_greedy!L:L,heur_A_greedy!A:A,A11,heur_A_greedy!C:C,B11) -> 0.016666667 | H11: =AVERAGEIFS(heur_A_greedy!M:M,heur_A_greedy!A:A,A11,heur_A_greedy!C:C,B11) -> 0.063333333 | I11: =AVERAGEIFS(heur_A_dp!K:K,heur_A_dp!A:A,A11,heur_A_dp!C:C,B11) -> 1.07 | J11: =AVERAGEIFS(heur_A_dp!L:L,heur_A_dp!A:A,A11,heur_A_dp!C:C,B11) -> 0.03 | K11: =AVERAGEIFS(heur_A_dp!M:M,heur_A_dp!A:A,A11,heur_A_dp!C:C,B11) -> 1.01 | L11: =AVERAGEIFS(heur_norm_A!P:P,heur_norm_A!A:A,A11,heur_norm_A!C:C,B11) -> 0.01
A12: Scenario 4 | B12: not-correlated | C12: =AVERAGEIFS(heur_norm_A!K:K,heur_norm_A!A:A,A12,heur_norm_A!C:C,B12) -> 2.3966667 | D12: =AVERAGEIFS(heur_norm_A!L:L,heur_norm_A!A:A,A12,heur_norm_A!C:C,B12) -> 0.19666667 | E12: =AVERAGEIFS(heur_norm_A!M:M,heur_norm_A!A:A,A12,heur_norm_A!C:C,B12) -> 2.1733333 | F12: =AVERAGEIFS(heur_A_greedy!K:K,heur_A_greedy!A:A,A12,heur_A_greedy!C:C,B12) -> 0.093333333 | G12: =AVERAGEIFS(heur_A_greedy!L:L,heur_A_greedy!A:A,A12,heur_A_greedy!C:C,B12) -> 0.02 | H12: =AVERAGEIFS(heur_A_greedy!M:M,heur_A_greedy!A:A,A12,heur_A_greedy!C:C,B12) -> 0.053333333 | I12: =AVERAGEIFS(heur_A_dp!K:K,heur_A_dp!A:A,A12,heur_A_dp!C:C,B12) -> 1.2866667 | J12: =AVERAGEIFS(heur_A_dp!L:L,heur_A_dp!A:A,A12,heur_A_dp!C:C,B12) -> 0.043333333 | K12: =AVERAGEIFS(heur_A_dp!M:M,heur_A_dp!A:A,A12,heur_A_dp!C:C,B12) -> 1.2133333 | L12: =AVERAGEIFS(heur_norm_A!P:P,heur_norm_A!A:A,A12,heur_norm_A!C:C,B12) -> 0.01
A13: Scenario 3 Avg | C13: =AVERAGE(C7:C9) -> 2.0766667 | D13: =AVERAGE(D7:D9) -> 0.16111111 | E13: =AVERAGE(E7:E9) -> 1.8677778 | F13: =AVERAGE(F7:F9) -> 0.15333333 | G13: =AVERAGE(G7:G9) -> 0.022222222 | H13: =AVERAGE(H7:H9) -> 0.096666667 | I13: =AVERAGE(I7:I9) -> 1.7555556 | J13: =AVERAGE(J7:J9) -> 0.048888889 | ... L13: =AVERAGE(L7:L9) -> 0.014444444
A14: Scenario 4 Avg | C14: =AVERAGE(C10:C12) -> 2.4888889 | D14: =AVERAGE(D10:D12) -> 0.20111111 | E14: =AVERAGE(E10:E12) -> 2.2544444 | F14: =AVERAGE(F10:F12) -> 0.10222222 | G14: =AVERAGE(G10:G12) -> 0.017777778 | H14: =AVERAGE(H10:H12) -> 0.062222222 | I14: =AVERAGE(I10:I12) -> 1.1311111 | J14: =AVERAGE(J10:J12) -> 0.036666667 | ... L14: =AVERAGE(L10:L12) -> 0.014444444
A16: 2. SOLUTION QUALITY ANALYSIS
C17: Gurobi | D17: heur_norm_A | F17: heur_A_greedy | H17: heur_A_dp
A18: Scenario | B18: Correlation | C18: Avg obj_gurobi | D18: Avg obj_overlap | E18: Gap % | F18: Avg obj_overlap | G18: Gap % | H18: Avg obj_overlap | I18: Gap %
A19: Scenario 3 | B19: correlated | C19: =AVERAGEIFS(heur_norm_A!N:N,heur_norm_A!A:A,A19,heur_norm_A!C:C,B19) -> 4232.3333 | D19: =AVERAGEIFS(heur_norm_A!J:J,heur_norm_A!A:A,A19,heur_norm_A!C:C,B19) -> 3731 | E19: =($C19-D19)/$C19 -> 0.11845318 | F19: =AVERAGEIFS(heur_A_greedy!J:J,heur_A_greedy!A:A,A19,heur_A_greedy!C:C,B19) -> 2547.3333 | G19: =($C19-F19)/$C19 -> 0.39812554 | H19: =AVERAGEIFS(heur_A_dp!J:J,heur_A_dp!A:A,A19,heur_A_dp!C:C,B19) -> 3731 | I19: =($C19-H19)/$C19 -> 0.11845318
A20: Scenario 3 | B20: fully-correlated | C20: =AVERAGEIFS(heur_norm_A!N:N,heur_norm_A!A:A,A20,heur_norm_A!C:C,B20) -> 4302.3333 | D20: =AVERAGEIFS(heur_norm_A!J:J,heur_norm_A!A:A,A20,heur_norm_A!C:C,B20) -> 3944 | E20: =($C20-D20)/$C20 -> 0.083288138 | F20: =AVERAGEIFS(heur_A_greedy!J:J,heur_A_greedy!A:A,A20,heur_A_greedy!C:C,B20) -> 2802.6667 | G20: =($C20-F20)/$C20 -> 0.34857054 | H20: =AVERAGEIFS(heur_A_dp!J:J,heur_A_dp!A:A,A20,heur_A_dp!C:C,B20) -> 3944 | I20: =($C20-H20)/$C20 -> 0.083288138
A21: Scenario 3 | B21: not-correlated | C21: =AVERAGEIFS(heur_norm_A!N:N,heur_norm_A!A:A,A21,heur_norm_A!C:C,B21) -> 5025.6667 | D21: =AVERAGEIFS(heur_norm_A!J:J,heur_norm_A!A:A,A21,heur_norm_A!C:C,B21) -> 4540.6667 | E21: =($C21-D21)/$C21 -> 0.09650461 | F21: =AVERAGEIFS(heur_A_greedy!J:J,heur_A_greedy!A:A,A21,heur_A_greedy!C:C,B21) -> 3110.6667 | G21: =($C21-F21)/$C21 -> 0.38104397 | H21: =AVERAGEIFS(heur_A_dp!J:J,heur_A_dp!A:A,A21,heur_A_dp!C:C,B21) -> 4505.3333 | I21: =($C21-H21)/$C21 -> 0.10353519
A22: Scenario 4 | B22: correlated | C22: =AVERAGEIFS(heur_norm_A!N:N,heur_norm_A!A:A,A22,heur_norm_A!C:C,B22) -> 4210.6667 | D22: =AVERAGEIFS(heur_norm_A!J:J,heur_norm_A!A:A,A22,heur_norm_A!C:C,B22) -> 3774.3333 | E22: =($C22-D22)/$C22 -> 0.10362571 | F22: =AVERAGEIFS(heur_A_greedy!J:J,heur_A_greedy!A:A,A22,heur_A_greedy!C:C,B22) -> 1974.6667 | G22: =($C22-F22)/$C22 -> 0.5310323 | H22: =AVERAGEIFS(heur_A_dp!J:J,heur_A_dp!A:A,A22,heur_A_dp!C:C,B22) -> 3774.3333 | I22: =($C22-H22)/$C22 -> 0.10362571
A23: Scenario 4 | B23: fully-correlated | C23: =AVERAGEIFS(heur_norm_A!N:N,heur_norm_A!A:A,A23,heur_norm_A!C:C,B23) -> 4358.3333 | D23: =AVERAGEIFS(heur_norm_A!J:J,heur_norm_A!A:A,A23,heur_norm_A!C:C,B23) -> 4028.6667 | E23: =($C23-D23)/$C23 -> 0.075640535 | F23: =AVERAGEIFS(heur_A_greedy!J:J,heur_A_greedy!A:A,A23,heur_A_greedy!C:C,B23) -> 2058.3333 | G23: =($C23-F23)/$C23 -> 0.52772467 | H23: =AVERAGEIFS(heur_A_dp!J:J,heur_A_dp!A:A,A23,heur_A_dp!C:C,B23) -> 4028.6667 | I23: =($C23-H23)/$C23 -> 0.075640535
A24: Scenario 4 | B24: not-correlated | C24: =AVERAGEIFS(heur_norm_A!N:N,heur_norm_A!A:A,A24,heur_norm_A!C:C,B24) -> 4987 | D24: =AVERAGEIFS(heur_norm_A!J:J,heur_norm_A!A:A,A24,heur_norm_A!C:C,B24) -> 4581 | E24: =($C24-D24)/$C24 -> 0.08141167 | F24: =AVERAGEIFS(heur_A_greedy!J:J,heur_A_greedy!A:A,A24,heur_A_greedy!C:C,B24) -> 1960.3333 | G24: =($C24-F24)/$C24 -> 0.6069113 | H24: =AVERAGEIFS(heur_A_dp!J:J,heur_A_dp!A:A,A24,heur_A_dp!C:C,B24) -> 4505.6667 | I24: =($C24-H24)/$C24 -> 0.096517612
A25: Scenario 3 Avg | C25: =AVERAGE(C19:C21) -> 4520.1111 | D25: =AVERAGE(D19:D21) -> 4071.8889 | E25: =($C25-D25)/$C25 -> 0.099161771 | F25: =AVERAGE(F19:F21) -> 2820.2222 | G25: =($C25-F25)/$C25 -> 0.37607237 | H25: =AVERAGE(H19:H21) -> 4060.1111 | I25: =($C25-H25)/$C25 -> 0.10176741
A26: Scenario 4 Avg | C26: =AVERAGE(C22:C24) -> 4518.6667 | D26: =AVERAGE(D22:D24) -> 4128 | E26: =($C26-D26)/$C26 -> 0.086456182 | F26: =AVERAGE(F22:F24) -> 1997.7778 | G26: =($C26-F26)/$C26 -> 0.55788335 | H26: =AVERAGE(H22:H24) -> 4102.8889 | I26: =($C26-H26)/$C26 -> 0.092013377
B28: heur_norm_A | C28: heur_A_greedy | D28: heur_A_dp
A29: Scenario 3 Avg runtime_dp | B29: =C13 -> 2.0766667 | C29: =F13 -> 0.15333333 | D29: =I13 -> 1.7555556
A30: Scenario 4 Avg runtime_dp | B30: =C14 -> 2.4888889 | C30: =F14 -> 0.10222222 | D30: =I14 -> 1.1311111
B32: heur_norm_A | C32: heur_A_greedy | D32: heur_A_dp
A33: Scenario 3 Optimality Gap | B33: =E25 -> 0.099161771 | C33: =G25 -> 0.37607237 | D33: =I25 -> 0.10176741
A34: Scenario 4 Optimality Gap | B34: =E26 -> 0.086456182 | C34: =G26 -> 0.55788335 | D34: =I26 -> 0.092013377
