Workbook

Sheet heur_norm_A
A1: scenario | B1: p_overlap | C1: corr_type | D1: instance_file | E1: n | F1: k | G1: violations | H1: new_sets | I1: obj_disjoint | J1: obj_overlap | K1: runtime_dp | L1: time_A | M1: time_bellman | N1: obj_gurobi | O1: violations_gurobi | P1: runtime_gurobi
A2: scenario 1 | B2: p_20 | C2: correlated | D2: scen_1id_10_objs_300_size_465_sets_77_k_20_overlap_20_correlated.txt | E2: 300 | F2: 20 | G2: 3 | H2: 67 | I2: 633 | J2: 663 | K2: 0.09 | L2: 0.02 | M2: 0.06 | N2: 1205 | O2: 13 | P2: 0.03
A3: scenario 1 | B3: p_20 | C3: correlated | D3: scen_1id_1_objs_300_size_465_sets_74_k_20_overlap_20_correlated.txt | E3: 300 | F3: 20 | G3: 7 | H3: 52 | I3: 735 | J3: 738 | K3: 0.11 | L3: 0.02 | M3: 0.08 | N3: 1148 | O3: 9 | P3: 0.01
A4: scenario 1 | B4: p_20 | C4: correlated | D4: scen_1id_2_objs_300_size_465_sets_79_k_20_overlap_20_correlated.txt | E4: 300 | F4: 20 | G4: 8 | H4: 54 | I4: 705 | J4: 709 | K4: 0.1 | L4: 0.02 | M4: 0.06 | N4: 1212 | O4: 10 | P4: 0.02
A5: scenario 1 | B5: p_20 | C5: fully-correlated | D5: scen_1id_10_objs_300_size_465_sets_73_k_20_overlap_20_fully-correlated.txt | E5: 300 | F5: 20 | G5: 5 | H5: 59 | I5: 676 | J5: 696 | K5: 0.1 | L5: 0.01 | M5: 0.07 | N5: 1152 | O5: 13 | P5: 0.01
A6: scenario 1 | B6: p_20 | C6: fully-correlated | D6: scen_1id_1_objs_300_size_465_sets_78_k_20_overlap_20_fully-correlated.txt | E6: 300 | F6: 20 | G6: 8 | H6: 65 | I6: 732 | J6: 738 | K6: 0.1 | L6: 0.02 | M6: 0.06 | N6: 1155 | O6: 13 | P6: 0.01
A7: scenario 1 | B7: p_20 | C7: fully-correlated | D7: scen_1id_2_objs_300_size_465_sets_75_k_20_overlap_20_fully-correlated.txt | E7: 300 | F7: 20 | G7: 5 | H7: 60 | I7: 666 | J7: 691 | K7: 0.11 | L7: 0.03 | M7: 0.07 | N7: 1182 | O7: 9 | P7: 0.01
A8: scenario 1 | B8: p_20 | C8: not-correlated | D8: scen_1id_10_objs_300_size_465_sets_78_k_20_overlap_20_not-correlated.txt | E8: 300 | F8: 20 | G8: 3 | H8: 65 | I8: 439 | J8: 467 | K8: 0.09 | L8: 0.02 | M8: 0.06 | N8: 1427 | O8: 20 | P8: 0.01
A9: scenario 1 | B9: p_20 | C9: not-correlated | D9: scen_1id_1_objs_300_size_465_sets_76_k_20_overlap_20_not-correlated.txt | E9: 300 | F9: 20 | G9: 2 | H9: 59 | I9: 447 | J9: 475 | K9: 0.08 | L9: 0.02 | M9: 0.05 | N9: 1467 | O9: 20 | P9: 0.01
A10: scenario 1 | B10: p_20 | C10: not-correlated | D10: scen_1id_2_objs_300_size_465_sets_74_k_20_overlap_20_not-correlated.txt | E10: 300 | F10: 20 | G10: 2 | H10: 62 | I10: 682 | J10: 716 | K10: 0.08 | L10: 0.02 | M10: 0.05 | N10: 1434 | O10: 9 | P10: 0.01
A11: scenario 2 | B11: p_20 | C11: correlated | D11: scen_2id_10_objs_300_size_465_sets_33_k_20_overlap_20_correlated.txt | E11: 300 | F11: 20 | G11: 2 | H11: 52 | I11: 400 | J11: 415 | K11: 0.29 | L11: 0.01 | M11: 0.26 | N11: 973 | O11: 20 | P11: 0.01
A12: scenario 2 | B12: p_20 | C12: correlated | D12: scen_2id_1_objs_300_size_465_sets_32_k_20_overlap_20_correlated.txt | E12: 300 | F12: 20 | G12: 2 | H12: 64 | I12: 365 | J12: 387 | K12: 0.25 | L12: 0.02 | M12: 0.22 | N12: 965 | O12: 20 | P12: 0.01
A13: scenario 2 | B13: p_20 | C13: correlated | D13: scen_2id_2_objs_300_size_465_sets_33_k_20_overlap_20_correlated.txt | E13: 300 | F13: 20 | G13: 3 | H13: 51 | I13: 399 | J13: 416 | K13: 0.35 | L13: 0.02 | M13: 0.31 | N13: 964 | O13: 20 | P13: 0.01
... A34: scenario 4 | B34: p_20 | C34: fully-correlated | D34: scen_4id_2_objs_300_size_465_sets_34_k_20_overlap_20_fully-correlated.txt | E34: 300 | F34: 20 | G34: 17 | H34: 63 | I34: 1242 | J34: 1123 | K34: 0.1 | L34: 0.02 | M34: 0.06 | N34: 1308 | O34: 11 | P34: 0.01
A35: scenario 4 | B35: p_20 | C35: not-correlated | D35: scen_4id_10_objs_300_size_465_sets_35_k_20_overlap_20_not-correlated.txt | E35: 300 | F35: 20 | G35: 25 | H35: 59 | I35: 1479 | K35: 0.06 | L35: 0.02 | M35: 0.03 | N35: 1469 | O35: 18 | P35: 0.01
A36: scenario 4 | B36: p_20 | C36: not-correlated | D36: scen_4id_1_objs_300_size_465_sets_35_k_20_overlap_20_not-correlated.txt | E36: 300 | F36: 20 | G36: 9 | H36: 54 | I36: 1499 | J36: 1428 | K36: 0.07 | L36: 0.02 | M36: 0.03 | N36: 1581 | O36: 10 | P36: 0.01
A37: scenario 4 | B37: p_20 | C37: not-correlated | D37: scen_4id_2_objs_300_size_465_sets_36_k_20_overlap_20_not-correlated.txt | E37: 300 | F37: 20 | G37: 4 | H37: 53 | I37: 1497 | J37: 1452 | K37: 0.05 | L37: 0.02 | M37: 0.03 | N37: 1572 | O37: 5 | P37: 0.01

Sheet heur_A_greedy
A1: scenario | B1: p_overlap | C1: corr_type | D1: instance_file | E1: n | F1: k | G1: violations | H1: new_sets | I1: obj_disjoint | J1: obj_overlap | K1: runtime_dp | L1: time_A | M1: time_bellman | N1: obj_gurobi | O1: violations_gurobi | P1: runtime_gurobi
A2: scenario 1 | B2: p_20 | C2: correlated | D2: scen_1id_10_objs_300_size_465_sets_77_k_20_overlap_20_correlated.txt | E2: 300 | F2: 20 | G2: 1 | H2: 67 | I2: 462 | J2: 385 | K2: 0.06 | L2: 0.01 | M2: 0.03 | N2: 1205 | O2: 13 | P2: 0.02
A3: scenario 1 | B3: p_20 | C3: correlated | D3: scen_1id_1_objs_300_size_465_sets_74_k_20_overlap_20_correlated.txt | E3: 300 | F3: 20 | G3: 4 | H3: 52 | I3: 663 | J3: 530 | K3: 0.05 | L3: 0.02 | M3: 0.02 | N3: 1148 | O3: 9 | P3: 0.01
A4: scenario 1 | B4: p_20 | C4: correlated | D4: scen_1id_2_objs_300_size_465_sets_79_k_20_overlap_20_correlated.txt | E4: 300 | F4: 20 | G4: 1 | H4: 54 | I4: 548 | J4: 401 | K4: 0.05 | L4: 0.01 | M4: 0.03 | N4: 1212 | O4: 10 | P4: 0.02
A5: scenario 1 | B5: p_20 | C5: fully-correlated | D5: scen_1id_10_objs_300_size_465_sets_73_k_20_overlap_20_fully-correlated.txt | E5: 300 | F5: 20 | G5: 3 | H5: 59 | I5: 551 | J5: 504 | K5: 0.05 | L5: 0.01 | M5: 0.02 | N5: 1152 | O5: 13 | P5: 0.01
A6: scenario 1 | B6: p_20 | C6: fully-correlated | D6: scen_1id_1_objs_300_size_465_sets_78_k_20_overlap_20_fully-correlated.txt | E6: 300 | F6: 20 | G6: 1 | H6: 65 | I6: 577 | J6: 511 | K6: 0.05 | L6: 0.01 | M6: 0.02 | N6: 1155 | O6: 13 | P6: 0.01
A7: scenario 1 | B7: p_20 | C7: fully-correlated | D7: scen_1id_2_objs_300_size_465_sets_75_k_20_overlap_20_fully-correlated.txt | E7: 300 | F7: 20 | G7: 1 | H7: 60 | I7: 479 | J7: 408 | K7: 0.05 | L7: 0.01 | M7: 0.03 | N7: 1182 | O7: 9 | P7: 0.01
A8: scenario 1 | B8: p_20 | C8: not-correlated | D8: scen_1id_10_objs_300_size_465_sets_78_k_20_overlap_20_not-correlated.txt | E8: 300 | F8: 20 | G8: 2 | H8: 65 | I8: 391 | J8: 397 | K8: 0.05 | L8: 0.01 | M8: 0.03 | N8: 1427 | O8: 20 | P8: 0.01
A9: scenario 1 | B9: p_20 | C9: not-correlated | D9: scen_1id_1_objs_300_size_465_sets_76_k_20_overlap_20_not-correlated.txt | E9: 300 | F9: 20 | G9: 2 | H9: 59 | I9: 411 | J9: 417 | K9: 0.05 | L9: 0.01 | M9: 0.02 | N9: 1467 | O9: 20 | P9: 0.01
A10: scenario 1 | B10: p_20 | C10: not-correlated | D10: scen_1id_2_objs_300_size_465_sets_74_k_20_overlap_20_not-correlated.txt | E10: 300 | F10: 20 | G10: 3 | H10: 62 | I10: 620 | J10: 653 | K10: 0.04 | L10: 0.01 | M10: 0.03 | N10: 1434 | O10: 9 | P10: 0.01
A11: scenario 2 | B11: p_20 | C11: correlated | D11: scen_2id_10_objs_300_size_465_sets_33_k_20_overlap_20_correlated.txt | E11: 300 | F11: 20 | G11: 1 | H11: 52 | I11: 294 | J11: 229 | K11: 0.04 | L11: 0 | M11: 0.02 | N11: 973 | O11: 20 | P11: 0.01
A12: scenario 2 | B12: p_20 | C12: correlated | D12: scen_2id_1_objs_300_size_465_sets_32_k_20_overlap_20_correlated.txt | E12: 300 | F12: 20 | G12: 4 | H12: 64 | I12: 264 | J12: 241 | K12: 0.04 | L12: 0.01 | M12: 0.02 | N12: 965 | O12: 20 | P12: 0.01
A13: scenario 2 | B13: p_20 | C13: correlated | D13: scen_2id_2_objs_300_size_465_sets_33_k_20_overlap_20_correlated.txt | E13: 300 | F13: 20 | G13: 1 | H13: 51 | I13: 306 | J13: 180 | K13: 0.05 | L13: 0 | M13: 0.03 | N13: 964 | O13: 20 | P13: 0.01
... A34: scenario 4 | B34: p_20 | C34: fully-correlated | D34: scen_4id_2_objs_300_size_465_sets_34_k_20_overlap_20_fully-correlated.txt | E34: 300 | F34: 20 | G34: 14 | H34: 63 | I34: 1242 | J34: 926 | K34: 0.02 | L34: 0.01 | M34: 0.01 | N34: 1308 | O34: 11 | P34: 0.01
A35: scenario 4 | B35: p_20 | C35: not-correlated | D35: scen_4id_10_objs_300_size_465_sets_35_k_20_overlap_20_not-correlated.txt | E35: 300 | F35: 20 | G35: 25 | H35: 59 | I35: 1473 | K35: 0.02 | L35: 0.01 | M35: 0.01 | N35: 1469 | O35: 18 | P35: 0
A36: scenario 4 | B36: p_20 | C36: not-correlated | D36: scen_4id_1_objs_300_size_465_sets_35_k_20_overlap_20_not-correlated.txt | E36: 300 | F36: 20 | G36: 7 | H36: 54 | I36: 1487 | J36: 1098 | K36: 0.02 | L36: 0 | M36: 0.01 | N36: 1581 | O36: 10 | P36: 0.01
A37: scenario 4 | B37: p_20 | C37: not-correlated | D37: scen_4id_2_objs_300_size_465_sets_36_k_20_overlap_20_not-correlated.txt | E37: 300 | F37: 20 | G37: 6 | H37: 53 | I37: 1482 | J37: 1026 | K37: 0.02 | L37: 0.01 | M37: 0.01 | N37: 1572 | O37: 5 | P37: 0.01

Sheet heur_A_dp
A1: scenario | B1: p_overlap | C1: corr_type | D1: instance_file | E1: n | F1: k | G1: violations | H1: new_sets | I1: obj_disjoint | J1: obj_overlap | K1: runtime_dp | L1: time_A | M1: time_bellman | N1: obj_gurobi | O1: violations_gurobi | P1: runtime_gurobi
A2: scenario 1 | B2: p_20 | C2: correlated | D2: scen_1id_10_objs_300_size_465_sets_77_k_20_overlap_20_correlated.txt | E2: 300 | F2: 20 | G2: 5 | H2: 67 | I2: 462 | J2: 496 | K2: 0.11 | L2: 0.01 | M2: 0.09 | N2: 1205 | O2: 13 | P2: 0.02
A3: scenario 1 | B3: p_20 | C3: correlated | D3: scen_1id_1_objs_300_size_465_sets_74_k_20_overlap_20_correlated.txt | E3: 300 | F3: 20 | G3: 9 | H3: 52 | I3: 663 | J3: 664 | K3: 0.12 | L3: 0.02 | M3: 0.09 | N3: 1148 | O3: 9 | P3: 0.01
A4: scenario 1 | B4: p_20 | C4: correlated | D4: scen_1id_2_objs_300_size_465_sets_79_k_20_overlap_20_correlated.txt | E4: 300 | F4: 20 | G4: 8 | H4: 54 | I4: 548 | J4: 554 | K4: 0.14 | L4: 0.01 | M4: 0.11 | N4: 1212 | O4: 10 | P4: 0.01
A5: scenario 1 | B5: p_20 | C5: fully-correlated | D5: scen_1id_10_objs_300_size_465_sets_73_k_20_overlap_20_fully-correlated.txt | E5: 300 | F5: 20 | G5: 7 | H5: 59 | I5: 551 | J5: 584 | K5: 0.12 | L5: 0.02 | M5: 0.09 | N5: 1152 | O5: 13 | P5: 0.01
A6: scenario 1 | B6: p_20 | C6: fully-correlated | D6: scen_1id_1_objs_300_size_465_sets_78_k_20_overlap_20_fully-correlated.txt | E6: 300 | F6: 20 | G6: 6 | H6: 65 | I6: 577 | J6: 624 | K6: 0.14 | L6: 0.02 | M6: 0.1 | N6: 1155 | O6: 13 | P6: 0.01
A7: scenario 1 | B7: p_20 | C7: fully-correlated | D7: scen_1id_2_objs_300_size_465_sets_75_k_20_overlap_20_fully-correlated.txt | E7: 300 | F7: 20 | G7: 7 | H7: 60 | I7: 479 | J7: 513 | K7: 0.13 | L7: 0.01 | M7: 0.1 | N7: 1182 | O7: 9 | P7: 0.01
A8: scenario 1 | B8: p_20 | C8: not-correlated | D8: scen_1id_10_objs_300_size_465_sets_78_k_20_overlap_20_not-correlated.txt | E8: 300 | F8: 20 | G8: 3 | H8: 65 | I8: 391 | J8: 422 | K8: 0.12 | L8: 0.01 | M8: 0.1 | N8: 1427 | O8: 20 | P8: 0.01
A9: scenario 1 | B9: p_20 | C9: not-correlated | D9: scen_1id_1_objs_300_size_465_sets_76_k_20_overlap_20_not-correlated.txt | E9: 300 | F9: 20 | G9: 3 | H9: 59 | I9: 411 | J9: 437 | K9: 0.12 | L9: 0.01 | M9: 0.1 | N9: 1467 | O9: 20 | P9: 0.01
A10: scenario 1 | B10: p_20 | C10: not-correlated | D10: scen_1id_2_objs_300_size_465_sets_74_k_20_overlap_20_not-correlated.txt | E10: 300 | F10: 20 | G10: 3 | H10: 62 | I10: 620 | J10: 653 | K10: 0.11 | L10: 0.01 | M10: 0.08 | N10: 1434 | O10: 9 | P10: 0.01
A11: scenario 2 | B11: p_20 | C11: correlated | D11: scen_2id_10_objs_300_size_465_sets_33_k_20_overlap_20_correlated.txt | E11: 300 | F11: 20 | G11: 5 | H11: 52 | I11: 294 | J11: 312 | K11: 0.26 | L11: 0.01 | M11: 0.23 | N11: 973 | O11: 20 | P11: 0.01
A12: scenario 2 | B12: p_20 | C12: correlated | D12: scen_2id_1_objs_300_size_465_sets_32_k_20_overlap_20_correlated.txt | E12: 300 | F12: 20 | G12: 7 | H12: 64 | I12: 264 | J12: 295 | K12: 0.29 | L12: 0.01 | M12: 0.26 | N12: 965 | O12: 20 | P12: 0.01
A13: scenario 2 | B13: p_20 | C13: correlated | D13: scen_2id_2_objs_300_size_465_sets_33_k_20_overlap_20_correlated.txt | E13: 300 | F13: 20 | G13: 7 | H13: 51 | I13: 306 | J13: 319 | K13: 0.25 | L13: 0.02 | M13: 0.22 | N13: 964 | O13: 20 | P13: 0.01
... A34: scenario 4 | B34: p_20 | C34: fully-correlated | D34: scen_4id_2_objs_300_size_465_sets_34_k_20_overlap_20_fully-correlated.txt | E34: 300 | F34: 20 | G34: 17 | H34: 63 | I34: 1242 | J34: 1123 | K34: 0.04 | L34: 0.01 | M34: 0.02 | N34: 1308 | O34: 11 | P34: 0.01
A35: scenario 4 | B35: p_20 | C35: not-correlated | D35: scen_4id_10_objs_300_size_465_sets_35_k_20_overlap_20_not-correlated.txt | E35: 300 | F35: 20 | G35: 25 | H35: 59 | I35: 1473 | K35: 0.03 | L35: 0.01 | M35: 0.02 | N35: 1469 | O35: 18 | P35: 0
A36: scenario 4 | B36: p_20 | C36: not-correlated | D36: scen_4id_1_objs_300_size_465_sets_35_k_20_overlap_20_not-correlated.txt | E36: 300 | F36: 20 | G36: 11 | H36: 54 | I36: 1487 | J36: 1390 | K36: 0.04 | L36: 0 | M36: 0.02 | N36: 1581 | O36: 10 | P36: 0.01
A37: scenario 4 | B37: p_20 | C37: not-correlated | D37: scen_4id_2_objs_300_size_465_sets_36_k_20_overlap_20_not-correlated.txt | E37: 300 | F37: 20 | G37: 6 | H37: 53 | I37: 1482 | J37: 1429 | K37: 0.03 | L37: 0.01 | M37: 0.02 | N37: 1572 | O37: 5 | P37: 0.01

Sheet Analysis
A1: Scenario 3 & 4 — Heuristic Performance Analysis
A2: Runtime & Solution Quality Comparison across heur_norm_A, heur_A_greedy, heur_A_dp
A4: 1. RUNTIME ANALYSIS (seconds)
C5: heur_norm_A | F5: heur_A_greedy | I5: heur_A_dp | L5: Gurobi
A6: Scenario | B6: Correlation | C6: Avg runtime_dp | D6: Avg time_A | E6: Avg time_bellman | F6: Avg runtime_dp | G6: Avg time_A | H6: Avg time_bellman | I6: Avg runtime_dp | J6: Avg time_A | K6: Avg time_bellman | L6: Avg runtime
A7: Scenario 3 | B7: correlated | C7: =AVERAGEIFS(heur_norm_A!K2:K37,heur_norm_A!A2:A37,A7,heur_norm_A!C2:C37,B7) -> 0.06 | D7: =AVERAGEIFS(heur_norm_A!L2:L37,heur_norm_A!A2:A37,A7,heur_norm_A!C2:C37,B7) -> 0.023333333 | E7: =AVERAGEIFS(heur_norm_A!M2:M37,heur_norm_A!A2:A37,A7,heur_norm_A!C2:C37,B7) -> 0.03 | F7: =AVERAGEIFS(heur_A_greedy!K2:K37,heur_A_greedy!A2:A37,A7,heur_A_greedy!C2:C37,B7) -> 0.036666667 | G7: =AVERAGEIFS(heur_A_greedy!L2:L37,heur_A_greedy!A2:A37,A7,heur_A_greedy!C2:C37,B7) -> 0.01 | H7: =AVERAGEIFS(heur_A_greedy!M2:M37,heur_A_greedy!A2:A37,A7,heur_A_greedy!C2:C37,B7) -> 0.013333333 | I7: =AVERAGEIFS(heur_A_dp!K2:K37,heur_A_dp!A2:A37,A7,heur_A_dp!C2:C37,B7) -> 0.043333333 | J7: =AVERAGEIFS(heur_A_dp!L2:L37,heur_A_dp!A2:A37,A7,heur_A_dp!C2:C37,B7) -> 0.016666667 | K7: =AVERAGEIFS(heur_A_dp!M2:M37,heur_A_dp!A2:A37,A7,heur_A_dp!C2:C37,B7) -> 0.016666667 | L7: =AVERAGEIFS(heur_norm_A!P2:P37,heur_norm_A!A2:A37,A7,heur_norm_A!C2:C37,B7) -> 0.013333333
A8: Scenario 3 | B8: fully-correlated | C8: =AVERAGEIFS(heur_norm_A!K2:K37,heur_norm_A!A2:A37,A8,heur_norm_A!C2:C37,B8) -> 0.053333333 | D8: =AVERAGEIFS(heur_norm_A!L2:L37,heur_norm_A!A2:A37,A8,heur_norm_A!C2:C37,B8) -> 0.016666667 | E8: =AVERAGEIFS(heur_norm_A!M2:M37,heur_norm_A!A2:A37,A8,heur_norm_A!C2:C37,B8) -> 0.026666667 | F8: =AVERAGEIFS(heur_A_greedy!K2:K37,heur_A_greedy!A2:A37,A8,heur_A_greedy!C2:C37,B8) -> 0.03 | G8: =AVERAGEIFS(heur_A_greedy!L2:L37,heur_A_greedy!A2:A37,A8,heur_A_greedy!C2:C37,B8) -> 0.0066666667 | H8: =AVERAGEIFS(heur_A_greedy!M2:M37,heur_A_greedy!A2:A37,A8,heur_A_greedy!C2:C37,B8) -> 0.013333333 | I8: =AVERAGEIFS(heur_A_dp!K2:K37,heur_A_dp!A2:A37,A8,heur_A_dp!C2:C37,B8) -> 0.043333333 | J8: =AVERAGEIFS(heur_A_dp!L2:L37,heur_A_dp!A2:A37,A8,heur_A_dp!C2:C37,B8) -> 0.016666667 | K8: =AVERAGEIFS(heur_A_dp!M2:M37,heur_A_dp!A2:A37,A8,heur_A_dp!C2:C37,B8) -> 0.023333333 | L8: =AVERAGEIFS(heur_norm_A!P2:P37,heur_norm_A!A2:A37,A8,heur_norm_A!C2:C37,B8) -> 0.0066666667
A9: Scenario 3 | B9: not-correlated | C9: =AVERAGEIFS(heur_norm_A!K2:K37,heur_norm_A!A2:A37,A9,heur_norm_A!C2:C37,B9) -> 0.066666667 | D9: =AVERAGEIFS(heur_norm_A!L2:L37,heur_norm_A!A2:A37,A9,heur_norm_A!C2:C37,B9) -> 0.02 | E9: =AVERAGEIFS(heur_norm_A!M2:M37,heur_norm_A!A2:A37,A9,heur_norm_A!C2:C37,B9) -> 0.02 | F9: =AVERAGEIFS(heur_A_greedy!K2:K37,heur_A_greedy!A2:A37,A9,heur_A_greedy!C2:C37,B9) -> 0.03 | G9: =AVERAGEIFS(heur_A_greedy!L2:L37,heur_A_greedy!A2:A37,A9,heur_A_greedy!C2:C37,B9) -> 0.01 | H9: =AVERAGEIFS(heur_A_greedy!M2:M37,heur_A_greedy!A2:A37,A9,heur_A_greedy!C2:C37,B9) -> 0.01 | I9: =AVERAGEIFS(heur_A_dp!K2:K37,heur_A_dp!A2:A37,A9,heur_A_dp!C2:C37,B9) -> 0.04 | J9: =AVERAGEIFS(heur_A_dp!L2:L37,heur_A_dp!A2:A37,A9,heur_A_dp!C2:C37,B9) -> 0.013333333 | K9: =AVERAGEIFS(heur_A_dp!M2:M37,heur_A_dp!A2:A37,A9,heur_A_dp!C2:C37,B9) -> 0.023333333 | L9: =AVERAGEIFS(heur_norm_A!P2:P37,heur_norm_A!A2:A37,A9,heur_norm_A!C2:C37,B9) -> 0.01
A10: Scenario 4 | B10: correlated | C10: =AVERAGEIFS(heur_norm_A!K2:K37,heur_norm_A!A2:A37,A10,heur_norm_A!C2:C37,B10) -> 0.073333333 | D10: =AVERAGEIFS(heur_norm_A!L2:L37,heur_norm_A!A2:A37,A10,heur_norm_A!C2:C37,B10) -> 0.02 | E10: =AVERAGEIFS(heur_norm_A!M2:M37,heur_norm_A!A2:A37,A10,heur_norm_A!C2:C37,B10) -> 0.043333333 | F10: =AVERAGEIFS(heur_A_greedy!K2:K37,heur_A_greedy!A2:A37,A10,heur_A_greedy!C2:C37,B10) -> 0.02 | G10: =AVERAGEIFS(heur_A_greedy!L2:L37,heur_A_greedy!A2:A37,A10,heur_A_greedy!C2:C37,B10) -> 0.0033333333 | H10: =AVERAGEIFS(heur_A_greedy!M2:M37,heur_A_greedy!A2:A37,A10,heur_A_greedy!C2:C37,B10) -> 0.0066666667 | I10: =AVERAGEIFS(heur_A_dp!K2:K37,heur_A_dp!A2:A37,A10,heur_A_dp!C2:C37,B10) -> 0.033333333 | J10: =AVERAGEIFS(heur_A_dp!L2:L37,heur_A_dp!A2:A37,A10,heur_A_dp!C2:C37,B10) -> 0.01 | K10: =AVERAGEIFS(heur_A_dp!M2:M37,heur_A_dp!A2:A37,A10,heur_A_dp!C2:C37,B10) -> 0.016666667 | L10: =AVERAGEIFS(heur_norm_A!P2:P37,heur_norm_A!A2:A37,A10,heur_norm_A!C2:C37,B10) -> 0.01
A11: Scenario 4 | B11: fully-correlated | C11: =AVERAGEIFS(heur_norm_A!K2:K37,heur_norm_A!A2:A37,A11,heur_norm_A!C2:C37,B11) -> 0.08 | D11: =AVERAGEIFS(heur_norm_A!L2:L37,heur_norm_A!A2:A37,A11,heur_norm_A!C2:C37,B11) -> 0.02 | E11: =AVERAGEIFS(heur_norm_A!M2:M37,heur_norm_A!A2:A37,A11,heur_norm_A!C2:C37,B11) -> 0.046666667 | F11: =AVERAGEIFS(heur_A_greedy!K2:K37,heur_A_greedy!A2:A37,A11,heur_A_greedy!C2:C37,B11) -> 0.02 | G11: =AVERAGEIFS(heur_A_greedy!L2:L37,heur_A_greedy!A2:A37,A11,heur_A_greedy!C2:C37,B11) -> 0.0033333333 | H11: =AVERAGEIFS(heur_A_greedy!M2:M37,heur_A_greedy!A2:A37,A11,heur_A_greedy!C2:C37,B11) -> 0.0066666667 | I11: =AVERAGEIFS(heur_A_dp!K2:K37,heur_A_dp!A2:A37,A11,heur_A_dp!C2:C37,B11) -> 0.033333333 | J11: =AVERAGEIFS(heur_A_dp!L2:L37,heur_A_dp!A2:A37,A11,heur_A_dp!C2:C37,B11) -> 0.01 | K11: =AVERAGEIFS(heur_A_dp!M2:M37,heur_A_dp!A2:A37,A11,heur_A_dp!C2:C37,B11) -> 0.02 | L11: =AVERAGEIFS(heur_norm_A!P2:P37,heur_norm_A!A2:A37,A11,heur_norm_A!C2:C37,B11) -> 0.01
A12: Scenario 4 | B12: not-correlated | C12: =AVERAGEIFS(heur_norm_A!K2:K37,heur_norm_A!A2:A37,A12,heur_norm_A!C2:C37,B12) -> 0.06 | D12: =AVERAGEIFS(heur_norm_A!L2:L37,heur_norm_A!A2:A37,A12,heur_norm_A!C2:C37,B12) -> 0.02 | E12: =AVERAGEIFS(heur_norm_A!M2:M37,heur_norm_A!A2:A37,A12,heur_norm_A!C2:C37,B12) -> 0.03 | F12: =AVERAGEIFS(heur_A_greedy!K2:K37,heur_A_greedy!A2:A37,A12,heur_A_greedy!C2:C37,B12) -> 0.02 | G12: =AVERAGEIFS(heur_A_greedy!L2:L37,heur_A_greedy!A2:A37,A12,heur_A_greedy!C2:C37,B12) -> 0.0066666667 | H12: =AVERAGEIFS(heur_A_greedy!M2:M37,heur_A_greedy!A2:A37,A12,heur_A_greedy!C2:C37,B12) -> 0.01 | I12: =AVERAGEIFS(heur_A_dp!K2:K37,heur_A_dp!A2:A37,A12,heur_A_dp!C2:C37,B12) -> 0.033333333 | J12: =AVERAGEIFS(heur_A_dp!L2:L37,heur_A_dp!A2:A37,A12,heur_A_dp!C2:C37,B12) -> 0.0066666667 | K12: =AVERAGEIFS(heur_A_dp!M2:M37,heur_A_dp!A2:A37,A12,heur_A_dp!C2:C37,B12) -> 0.02 | L12: =AVERAGEIFS(heur_norm_A!P2:P37,heur_norm_A!A2:A37,A12,heur_norm_A!C2:C37,B12) -> 0.01
A13: Scenario 3 Avg | C13: =AVERAGE(C7:C9) -> 0.06 | D13: =AVERAGE(D7:D9) -> 0.02 | E13: =AVERAGE(E7:E9) -> 0.025555556 | F13: =AVERAGE(F7:F9) -> 0.032222222 | G13: =AVERAGE(G7:G9) -> 0.0088888889 | H13: =AVERAGE(H7:H9) -> 0.012222222 | I13: =AVERAGE(I7:I9) -> 0.042222222 | J13: =AVERAGE(J7:J9) -> 0.015555556 | ... L13: =AVERAGE(L7:L9) -> 0.01
A14: Scenario 4 Avg | C14: =AVERAGE(C10:C12) -> 0.071111111 | D14: =AVERAGE(D10:D12) -> 0.02 | E14: =AVERAGE(E10:E12) -> 0.04 | F14: =AVERAGE(F10:F12) -> 0.02 | G14: =AVERAGE(G10:G12) -> 0.0044444444 | H14: =AVERAGE(H10:H12) -> 0.0077777778 | I14: =AVERAGE(I10:I12) -> 0.033333333 | J14: =AVERAGE(J10:J12) -> 0.0088888889 | ... L14: =AVERAGE(L10:L12) -> 0.01
A16: 2. SOLUTION QUALITY ANALYSIS
C17: Gurobi | D17: heur_norm_A | F17: heur_A_greedy | H17: heur_A_dp
A18: Scenario | B18: Correlation | C18: Avg obj_gurobi | D18: Avg obj_overlap | E18: Gap % | F18: Avg obj_overlap | G18: Gap % | H18: Avg obj_overlap | I18: Gap %
A19: Scenario 3 | B19: correlated | C19: =AVERAGEIFS(heur_norm_A!N2:N37,heur_norm_A!A2:A37,A19,heur_norm_A!C2:C37,B19) -> 1295.3333 | D19: =AVERAGEIFS(heur_norm_A!J2:J37,heur_norm_A!A2:A37,A19,heur_norm_A!C2:C37,B19) -> 1110.6667 | E19: =($C19-D19)/$C19 -> 0.14256305 | F19: =AVERAGEIFS(heur_A_greedy!J2:J37,heur_A_greedy!A2:A37,A19,heur_A_greedy!C2:C37,B19) -> 988 | G19: =($C19-F19)/$C19 -> 0.23726197 | H19: =AVERAGEIFS(heur_A_dp!J2:J37,heur_A_dp!A2:A37,A19,heur_A_dp!C2:C37,B19) -> 1110.6667 | I19: =($C19-H19)/$C19 -> 0.14256305
A20: Scenario 3 | B20: fully-correlated | C20: =AVERAGEIFS(heur_norm_A!N2:N37,heur_norm_A!A2:A37,A20,heur_norm_A!C2:C37,B20) -> 1258.6667 | D20: =AVERAGEIFS(heur_norm_A!J2:J37,heur_norm_A!A2:A37,A20,heur_norm_A!C2:C37,B20) -> 1094 | E20: =($C20-D20)/$C20 -> 0.13082627 | F20: =AVERAGEIFS(heur_A_greedy!J2:J37,heur_A_greedy!A2:A37,A20,heur_A_greedy!C2:C37,B20) -> 981 | G20: =($C20-F20)/$C20 -> 0.22060381 | H20: =AVERAGEIFS(heur_A_dp!J2:J37,heur_A_dp!A2:A37,A20,heur_A_dp!C2:C37,B20) -> 1094 | I20: =($C20-H20)/$C20 -> 0.13082627
A21: Scenario 3 | B21: not-correlated | C21: =AVERAGEIFS(heur_norm_A!N2:N37,heur_norm_A!A2:A37,A21,heur_norm_A!C2:C37,B21) -> 1565.6667 | D21: =AVERAGEIFS(heur_norm_A!J2:J37,heur_norm_A!A2:A37,A21,heur_norm_A!C2:C37,B21) -> 1236.6667 | E21: =($C21-D21)/$C21 -> 0.21013413 | F21: =AVERAGEIFS(heur_A_greedy!J2:J37,heur_A_greedy!A2:A37,A21,heur_A_greedy!C2:C37,B21) -> 1110.6667 | G21: =($C21-F21)/$C21 -> 0.29061103 | H21: =AVERAGEIFS(heur_A_dp!J2:J37,heur_A_dp!A2:A37,A21,heur_A_dp!C2:C37,B21) -> 1217.6667 | I21: =($C21-H21)/$C21 -> 0.22226953
A22: Scenario 4 | B22: correlated | C22: =AVERAGEIFS(heur_norm_A!N2:N37,heur_norm_A!A2:A37,A22,heur_norm_A!C2:C37,B22) -> 1275.3333 | D22: =AVERAGEIFS(heur_norm_A!J2:J37,heur_norm_A!A2:A37,A22,heur_norm_A!C2:C37,B22) -> 1110 | E22: =($C22-D22)/$C22 -> 0.12963931 | F22: =AVERAGEIFS(heur_A_greedy!J2:J37,heur_A_greedy!A2:A37,A22,heur_A_greedy!C2:C37,B22) -> 847.33333 | G22: =($C22-F22)/$C22 -> 0.33559854 | H22: =AVERAGEIFS(heur_A_dp!J2:J37,heur_A_dp!A2:A37,A22,heur_A_dp!C2:C37,B22) -> 1110 | I22: =($C22-H22)/$C22 -> 0.12963931
A23: Scenario 4 | B23: fully-correlated | C23: =AVERAGEIFS(heur_norm_A!N2:N37,heur_norm_A!A2:A37,A23,heur_norm_A!C2:C37,B23) -> 1277.6667 | D23: =AVERAGEIFS(heur_norm_A!J2:J37,heur_norm_A!A2:A37,A23,heur_norm_A!C2:C37,B23) -> 1154.6667 | E23: =($C23-D23)/$C23 -> 0.096269241 | F23: =AVERAGEIFS(heur_A_greedy!J2:J37,heur_A_greedy!A2:A37,A23,heur_A_greedy!C2:C37,B23) -> 936 | G23: =($C23-F23)/$C23 -> 0.26741456 | H23: =AVERAGEIFS(heur_A_dp!J2:J37,heur_A_dp!A2:A37,A23,heur_A_dp!C2:C37,B23) -> 1154.6667 | I23: =($C23-H23)/$C23 -> 0.096269241
A24: Scenario 4 | B24: not-correlated | C24: =AVERAGEIFS(heur_norm_A!N2:N37,heur_norm_A!A2:A37,A24,heur_norm_A!C2:C37,B24) -> 1540.6667 | D24: =AVERAGEIFS(heur_norm_A!J2:J37,heur_norm_A!A2:A37,A24,heur_norm_A!C2:C37,B24) -> 1440 | E24: =($C24-D24)/$C24 -> 0.06533968 | F24: =AVERAGEIFS(heur_A_greedy!J2:J37,heur_A_greedy!A2:A37,A24,heur_A_greedy!C2:C37,B24) -> 1062 | G24: =($C24-F24)/$C24 -> 0.31068801 | H24: =AVERAGEIFS(heur_A_dp!J2:J37,heur_A_dp!A2:A37,A24,heur_A_dp!C2:C37,B24) -> 1409.5 | I24: =($C24-H24)/$C24 -> 0.085136305
A25: Scenario 3 Avg | C25: =AVERAGE(C19:C21) -> 1373.2222 | D25: =AVERAGE(D19:D21) -> 1147.1111 | E25: =($C25-D25)/$C25 -> 0.16465733 | F25: =AVERAGE(F19:F21) -> 1026.5556 | G25: =($C25-F25)/$C25 -> 0.25244761 | H25: =AVERAGE(H19:H21) -> 1140.7778 | I25: =($C25-H25)/$C25 -> 0.16926936
A26: Scenario 4 Avg | C26: =AVERAGE(C22:C24) -> 1364.5556 | D26: =AVERAGE(D22:D24) -> 1234.8889 | E26: =($C26-D26)/$C26 -> 0.095024835 | F26: =AVERAGE(F22:F24) -> 948.44444 | G26: =($C26-F26)/$C26 -> 0.30494259 | H26: =AVERAGE(H22:H24) -> 1224.7222 | I26: =($C26-H26)/$C26 -> 0.10247537
B28: heur_norm_A | C28: heur_A_greedy | D28: heur_A_dp
A29: Scenario 3 Avg runtime_dp | B29: =C13 -> 0.06 | C29: =F13 -> 0.032222222 | D29: =I13 -> 0.042222222
A30: Scenario 4 Avg runtime_dp | B30: =C14 -> 0.071111111 | C30: =F14 -> 0.02 | D30: =I14 -> 0.033333333
B32: heur_norm_A | C32: heur_A_greedy | D32: heur_A_dp
A33: Scenario 3 Optimality Gap | B33: =E25 -> 0.16465733 | C33: =G25 -> 0.25244761 | D33: =I25 -> 0.16926936
A34: Scenario 4 Optimality Gap | B34: =E26 -> 0.095024835 | C34: =G26 -> 0.30494259 | D34: =I26 -> 0.10247537
